time,ax,ay,az,wx,wy,wz
0.016,0.21,0.01,-0.07,0.07,0.18,0
0.027,-0.09,0.08,-0.42,-0.14,0.27,0.02
0.039,-0.16,0.03,-0.4,-0.25,0.21,0.05
0.05,-0.14,0.02,-0.29,-0.21,0.12,0.05
0.061,-0.11,0.14,-0.22,-0.12,0.04,0.05
0.074,-0.07,0.17,-0.23,-0.04,-0.01,0.04
0.086,-0.08,0.17,-0.35,0.02,-0.04,0.03
0.096,-0.06,0.18,-0.47,0.05,-0.07,0.02
0.107,-0.06,0.1,-0.52,0.02,-0.08,-0.01
0.117,0.01,0.08,-0.36,-0.02,-0.07,-0.03
0.129,-0.04,0.11,-0.1,-0.04,-0.06,-0.04
0.139,-0.06,0.11,0.06,-0.05,-0.04,-0.04
0.15,-0.05,0.11,0.14,-0.05,-0.03,-0.03
0.167,-0.08,0.06,0.21,-0.05,-0.01,-0.03
0.178,-0.02,0.04,0.21,-0.04,0.01,-0.02
0.189,-0.03,0.01,0.21,-0.03,0.01,-0.01
0.201,0.01,-0.01,0.19,-0.03,0.01,-0.01
0.212,0.04,-0.01,0.07,-0.03,0.04,-0.01
0.225,0.04,0.02,-0.08,-0.05,0.05,-0.01
0.237,0,0.01,-0.07,-0.05,0.06,-0.01
0.247,0,0.01,-0.05,-0.04,0.05,-0.01
0.257,0,0.02,-0.09,-0.02,0.03,0
0.267,-0.01,0.02,-0.19,-0.01,0.01,0
0.277,-0.03,-0.02,-0.24,-0.02,-0.03,0
0.289,-0.09,-0.06,-0.12,-0.01,-0.06,0.01
0.302,-0.09,-0.06,-0.12,-0.01,-0.06,0.01
0.312,-0.02,0,0.05,0,-0.05,0.01
0.322,-0.02,0.02,0.05,-0.01,-0.04,0.01
0.337,-0.04,0.01,-0.01,-0.01,-0.03,0.02
0.348,0.01,0.04,0.06,-0.05,0.01,0.02
0.36,-0.01,0.07,0.08,-0.05,0.02,0.02
0.371,0,0.08,0.09,-0.04,0.02,0.03
0.381,-0.01,0.12,0.05,-0.03,0.02,0.03
0.391,-0.05,0.16,-0.02,-0.03,0,0.02
0.401,-0.07,0.14,-0.03,-0.01,-0.01,0.02
0.415,-0.1,0.21,0,-0.01,-0.01,0.02
0.426,-0.14,0.22,0.03,0,-0.02,0.02
0.437,-0.14,0.22,0.14,0.02,-0.05,0
0.447,-0.15,0.19,0.24,0.04,-0.04,0
0.457,-0.16,0.18,0.26,0.05,-0.04,-0.02
0.467,-0.2,0.18,0.26,0.04,-0.03,-0.03
0.48,-0.16,0.14,0.22,0.03,-0.01,-0.03
0.491,-0.13,0.08,0.14,0,0,-0.03
0.502,-0.13,0.05,0.08,0,0,-0.03
0.512,-0.08,0.04,0.05,-0.01,-0.01,-0.03
0.522,-0.07,0.04,0.05,-0.01,0,-0.04
0.534,0.02,-0.07,-0.17,0,-0.01,-0.04
0.546,0.12,-0.1,-0.27,0,-0.02,-0.05
0.557,0.1,-0.13,-0.29,0,-0.02,-0.06
0.569,0.19,-0.13,-0.34,0,-0.03,-0.08
0.579,-0.03,-0.26,-0.35,0,-0.01,-0.07
0.589,0.2,-0.11,-0.37,0.01,0,-0.09
0.599,0.09,-0.08,-0.23,0.03,0.02,-0.09
0.609,0.17,-0.08,-0.25,0.05,0.02,-0.1
0.619,0.01,-0.17,-0.19,0.05,0.03,-0.09
0.63,0.14,-0.11,-0.18,0.06,0.03,-0.08
0.641,0.03,-0.13,-0.15,0.05,-0.01,-0.07
0.651,-0.04,-0.11,-0.09,0.05,-0.04,-0.05
0.669,0.06,-0.11,0,0.04,-0.03,-0.04
0.68,0,-0.05,0.1,0.01,-0.01,-0.01
0.692,-0.01,-0.03,0.2,0,0.02,0
0.702,0.01,0,0.13,-0.01,0.02,0.01
0.712,0.1,0.02,0.12,-0.03,0.02,0.01
0.725,0.11,0.08,0.04,-0.04,0.01,0.01
0.736,0.1,0.11,0,-0.05,0.01,0.01
0.746,0.1,0.11,0,-0.04,-0.01,0.01
0.757,0.08,0.14,-0.03,-0.04,-0.02,0
0.767,0.09,0.18,-0.08,-0.04,-0.04,0
0.778,0.07,0.15,-0.09,-0.04,-0.04,-0.01
0.788,0.03,0.11,-0.11,-0.04,-0.05,-0.01
0.798,0.05,0.13,-0.09,-0.05,-0.05,-0.01
0.809,0.06,0.16,-0.05,-0.06,-0.07,-0.02
0.821,0.07,0.19,0.01,-0.06,-0.07,-0.02
0.834,0.11,0.21,0.1,-0.06,-0.06,-0.03
0.846,0.14,0.2,0.15,-0.05,-0.04,-0.04
0.856,0.09,0.22,0.2,-0.04,-0.03,-0.05
0.866,0.08,0.22,0.21,-0.03,-0.01,-0.06
0.876,0.04,0.19,0.15,-0.02,0,-0.06
0.886,0.03,0.17,0.15,0,-0.02,-0.07
0.899,0.02,0.05,0.2,0.01,-0.02,-0.08
0.913,-0.01,0.03,0.17,0.03,-0.02,-0.09
0.926,-0.01,0.03,0.13,0.04,-0.03,-0.11
0.937,-0.09,-0.03,0.05,0.05,-0.03,-0.11
0.948,-0.08,-0.1,0.05,0.05,-0.02,-0.11
0.958,-0.04,-0.1,0.01,0.05,-0.02,-0.12
0.968,-0.15,-0.15,0.06,0.05,-0.01,-0.12
0.979,-0.12,-0.12,0.09,0.04,0.02,-0.12
0.989,-0.09,-0.11,0.06,0.04,0.05,-0.13
1.002,-0.14,-0.15,-0.01,0.04,0.06,-0.13
1.013,-0.07,-0.1,-0.07,0.04,0.08,-0.14
1.023,-0.07,-0.13,-0.12,0.03,0.06,-0.16
1.034,-0.06,-0.15,-0.09,0.03,0.03,-0.16
1.046,-0.02,-0.09,0.05,0.05,0.01,-0.17
1.056,0.05,-0.04,0.12,0.08,-0.04,-0.18
1.067,-0.02,-0.04,0.22,0.09,-0.04,-0.19
1.077,0.03,-0.01,0.28,0.13,-0.04,-0.22
1.088,0.02,-0.03,0.27,0.15,-0.03,-0.23
1.099,0.02,-0.07,0.2,0.15,0,-0.26
1.109,-0.02,-0.13,0.06,0.13,0.02,-0.26
1.119,-0.14,-0.16,0.03,0.1,0.02,-0.26
1.131,-0.05,-0.18,-0.06,0.07,0.01,-0.27
1.141,-0.04,-0.19,-0.06,0.04,0.04,-0.26
1.151,-0.11,-0.14,0.09,0.04,0.06,-0.24
1.17,-0.04,-0.09,0.14,0.04,0.09,-0.23
1.183,0.13,0.09,0.15,0.06,0.2,-0.22
1.194,0.14,0.23,-0.32,0.04,0.23,-0.24
1.205,0.17,0.2,-0.64,0.01,0.25,-0.24
1.215,0.14,0.14,-0.79,-0.03,0.24,-0.23
1.225,0.21,0.22,-0.88,-0.06,0.21,-0.21
1.235,0.21,0.27,-0.89,-0.08,0.14,-0.23
1.246,0.22,0.35,-0.79,-0.09,0.05,-0.23
1.256,0.31,0.41,-0.68,-0.06,-0.04,-0.23
1.267,0.37,0.47,-0.53,-0.05,-0.07,-0.24
1.278,0.42,0.47,-0.41,-0.03,-0.13,-0.26
1.289,0.43,0.47,-0.22,-0.05,-0.13,-0.27
1.301,0.45,0.46,-0.08,-0.07,-0.12,-0.27
1.311,0.44,0.48,0.01,-0.14,-0.08,-0.26
1.321,0.4,0.5,0.13,-0.18,-0.04,-0.24
1.334,0.39,0.51,0.12,-0.19,-0.03,-0.23
1.346,0.35,0.57,0.33,-0.2,0.03,-0.2
1.359,0.37,0.63,0.27,-0.18,0.07,-0.14
1.369,0.37,0.67,0.16,-0.16,0.11,-0.09
1.384,0.36,0.67,0.09,-0.14,0.13,-0.05
1.396,0.38,0.82,-0.14,-0.09,0.14,0
1.406,0.36,0.83,-0.39,-0.07,0.14,0.04
1.416,0.39,0.9,-0.57,-0.05,0.11,0.08
1.428,0.41,0.95,-0.67,-0.04,0.08,0.12
1.44,0.4,1.03,-0.78,-0.04,0.03,0.13
1.451,0.37,1.06,-0.8,-0.04,-0.01,0.13
1.461,0.38,1.09,-0.77,-0.03,-0.03,0.13
1.472,0.41,1.09,-0.65,-0.02,-0.04,0.14
1.484,0.38,1.14,-0.6,-0.01,-0.05,0.14
1.506,0.45,1.17,-0.47,0.01,-0.06,0.14
1.516,0.45,1.12,-0.23,-0.01,-0.13,0.13
1.526,0.39,1.07,0.02,-0.02,-0.15,0.14
1.536,0.41,1.04,0.15,-0.05,-0.16,0.15
1.547,0.4,1.04,0.15,-0.06,-0.18,0.15
1.558,0.43,0.94,0.48,-0.05,-0.23,0.17
1.568,0.52,0.85,0.62,-0.04,-0.24,0.18
1.582,0.63,0.89,0.64,-0.02,-0.26,0.2
1.595,0.41,0.81,0.72,0,-0.23,0.24
1.607,0.45,0.79,0.62,0.02,-0.18,0.28
1.617,0.44,0.78,0.47,0.03,-0.11,0.32
1.627,0.37,0.77,0.28,0.02,-0.04,0.36
1.637,0.29,0.66,0.26,0.01,-0.01,0.39
1.648,0.24,0.56,0.33,0.01,0,0.4
1.658,0.24,0.49,0.36,-0.01,0.03,0.4
1.67,0.24,0.49,0.36,-0.02,0.03,0.41
1.687,0.07,0.3,0.57,-0.06,0.08,0.42
1.698,0.11,0.33,0.79,-0.07,0.18,0.43
1.708,-0.09,0.18,0.83,-0.06,0.16,0.45
1.719,-0.04,-0.02,0.84,-0.01,0.05,0.46
1.73,-0.03,-0.18,0.91,0.04,-0.02,0.46
1.741,-0.03,-0.15,0.9,0.13,-0.08,0.44
1.752,-0.04,-0.15,0.9,0.17,-0.07,0.44
1.762,0.07,0.1,0.47,0.18,-0.04,0.44
1.775,0.09,0.22,0.1,0.18,-0.02,0.44
1.788,0.09,0.22,0.1,0.17,-0.04,0.45
1.799,0.09,0.22,0.1,0.16,-0.04,0.45
1.81,0.12,-0.02,-0.02,0.1,-0.15,0.4
1.82,0.13,-0.12,0.03,-0.02,-0.32,0.35
1.843,0,-0.2,0.43,-0.13,-0.5,0.32
1.854,-0.15,-0.44,2.29,-0.19,-0.69,0.25
1.866,-0.07,-0.58,2.68,-0.12,-0.58,0.2
1.877,-0.06,-0.59,2.71,0.02,-0.24,0.21
1.887,-0.05,-0.5,2.28,0.09,-0.01,0.23
1.897,-0.16,-0.37,1.61,0.14,0.23,0.28
1.907,-0.19,-0.22,0.65,0.16,0.45,0.34
1.918,-0.29,-0.11,-0.15,0.15,0.61,0.4
1.928,-0.34,-0.09,-0.99,0.08,0.63,0.46
1.938,-0.32,-0.12,-1.42,0.06,0.61,0.48
1.949,-0.3,-0.12,-1.57,-0.02,0.42,0.5
1.96,-0.23,-0.04,-1.51,-0.03,0.23,0.46
1.97,-0.27,0.06,-1.45,-0.01,0.12,0.42
1.98,-0.3,0.11,-1.42,0.03,-0.01,0.38
1.99,-0.27,0.22,-1.38,0.08,-0.08,0.34
2.002,-0.27,0.22,-1.38,0.1,-0.12,0.32
2.016,-0.41,0.23,-1.24,0.18,-0.19,0.26
2.028,-0.38,0.14,-1.23,0.16,-0.22,0.22
2.04,-0.4,0.11,-1.1,0.1,-0.19,0.22
2.051,-0.35,0.03,-0.85,0.03,-0.11,0.22
2.062,-0.33,-0.04,-0.63,-0.02,-0.03,0.22
2.074,-0.26,-0.05,-0.38,-0.05,0.08,0.19
2.085,-0.22,-0.08,-0.29,-0.05,0.14,0.17
2.095,-0.24,-0.03,-0.31,-0.04,0.19,0.14
2.106,-0.21,0.07,-0.46,-0.01,0.2,0.1
2.116,-0.21,0.14,-0.57,0.01,0.2,0.06
2.127,-0.19,0.14,-0.57,0.04,0.19,0.02
2.137,-0.29,0.34,-0.91,0.06,0.16,0
2.149,-0.29,0.4,-1.12,0.06,0.13,-0.03
2.168,-0.33,0.45,-1.2,0.03,0.09,-0.03
2.179,-0.41,0.56,-1.05,-0.01,0.01,-0.04
2.19,-0.38,0.63,-0.89,-0.02,-0.02,-0.05
2.206,-0.35,0.63,-0.72,-0.03,-0.04,-0.05
2.22,-0.24,0.73,-0.37,-0.04,-0.03,-0.06
2.232,-0.27,0.76,-0.17,-0.01,0.02,-0.08
2.246,-0.29,0.76,-0.1,0.01,0.03,-0.09
2.257,-0.22,0.74,-0.13,0.05,0.07,-0.1
2.268,-0.21,0.7,-0.17,0.07,0.07,-0.11
2.278,-0.22,0.69,-0.21,0.09,0.07,-0.11
2.29,-0.22,0.73,-0.18,0.11,0.04,-0.12
2.301,-0.16,0.77,-0.11,0.12,0.03,-0.13
2.312,-0.1,0.76,0.05,0.11,0.04,-0.14
2.325,-0.19,0.7,0.27,0.09,0.04,-0.14
2.336,-0.19,0.7,0.27,0.09,0.04,-0.14
2.346,-0.15,0.62,0.78,0.09,0.04,-0.16
2.357,-0.1,0.61,0.99,0.11,0.04,-0.17
2.368,0,0.79,1,0.13,0.05,-0.19
2.38,0.05,0.88,0.84,0.15,0.04,-0.24
2.39,0.08,0.55,0.67,0.14,-0.01,-0.24
2.401,0.18,0.22,0.65,0.09,-0.06,-0.27
2.411,0.13,-0.03,0.81,0.05,-0.05,-0.31
2.425,0.06,0.08,1.04,0,0,-0.34
2.435,0.27,0.1,1.08,-0.04,0.04,-0.38
2.448,0.25,0.12,1.04,-0.08,0.11,-0.45
2.458,0.29,0.1,1,-0.08,0.13,-0.48
2.469,0.34,0.1,0.89,-0.07,0.11,-0.5
2.479,0.3,0.03,0.75,-0.05,0.07,-0.56
2.491,0.19,-0.06,0.6,-0.05,0.02,-0.58
2.504,0.12,-0.14,0.54,-0.05,0.01,-0.58
2.517,-0.08,-0.44,0.76,-0.05,-0.05,-0.56
2.528,-0.08,-0.43,0.92,-0.01,0.02,-0.51
2.539,-0.06,-0.37,0.87,0.05,0.14,-0.46
2.55,0.14,-0.17,0.69,0.11,0.22,-0.45
2.561,0.13,-0.05,0.45,0.17,0.28,-0.44
2.572,0.09,-0.09,0.1,0.2,0.26,-0.4
2.587,0.02,-0.44,-0.65,0.21,0.18,-0.38
2.598,-0.17,-0.55,-0.72,0.19,0.04,-0.35
2.608,0,-0.4,-0.74,0.16,-0.06,-0.34
2.619,0.07,-0.24,-0.72,0.14,-0.08,-0.34
2.633,0.18,-0.17,-0.68,0.08,-0.14,-0.32
2.645,0.2,-0.27,-0.53,0.06,-0.19,-0.3
2.656,0.24,-0.54,0,0.07,-0.2,-0.29
2.672,0.24,-0.54,0,0.08,-0.2,-0.29
2.685,0.09,-0.49,0.29,0.09,-0.1,-0.26
2.697,0.18,-0.42,0.16,0.07,0.07,-0.22
2.71,0.18,-0.42,0.16,0.06,0.17,-0.2
2.721,0.04,-0.32,-0.28,0.03,0.31,-0.13
2.735,-0.02,-0.22,-0.69,0.02,0.36,-0.08
2.746,0.02,-0.16,-0.99,0.01,0.36,-0.04
2.757,-0.06,-0.1,-1.44,0.02,0.34,0.01
2.768,-0.09,-0.02,-1.53,0.04,0.31,0.05
2.779,-0.05,0.13,-1.53,0.09,0.26,0.1
2.789,-0.01,0.29,-1.52,0.13,0.25,0.11
2.804,-0.04,0.31,-1.57,0.16,0.23,0.13
2.815,-0.09,0.3,-1.59,0.19,0.16,0.16
2.825,-0.03,0.41,-1.36,0.21,0.13,0.18
2.836,-0.03,0.41,-1.36,0.22,0.12,0.19
2.846,0.03,0.41,-1.12,0.23,0.09,0.24
2.857,0.08,0.46,-0.98,0.22,0.09,0.27
2.868,0.04,0.46,-0.78,0.21,0.11,0.28
2.879,0.1,0.53,-0.65,0.17,0.18,0.31
2.891,0.13,0.59,-0.58,0.14,0.24,0.33
2.905,0.1,0.65,-0.41,0.12,0.27,0.34
2.916,0.15,0.66,-0.33,0.07,0.27,0.35
2.926,0.11,0.54,-0.16,0.03,0.22,0.38
2.937,0.15,0.47,0.08,0.02,0.13,0.39
2.948,0.16,0.65,0.59,0.05,0.05,0.39
2.958,0.23,0.67,0.66,0.07,-0.05,0.39
2.969,0.32,0.58,0.81,0.09,-0.14,0.4
2.979,0.33,0.45,0.99,0.09,-0.26,0.44
2.99,0.33,0.23,1.21,0.09,-0.31,0.46
3.003,0.33,0.23,1.21,0.08,-0.31,0.48
3.014,0.35,0.17,1.88,0.04,-0.12,0.5
3.028,0.23,0.1,1.71,-0.02,0.01,0.56
3.039,0.27,-0.23,2.14,-0.05,0,0.61
3.05,0.27,-0.32,2.51,-0.02,0.06,0.61
3.06,0.13,0,2.47,0.01,0.14,0.59
3.072,0.03,0.47,1.9,0,0.22,0.58
3.087,-0.16,0.22,0.82,-0.01,0.26,0.59
3.105,-0.32,-0.17,0.46,-0.08,0.24,0.59
3.115,-0.5,-0.5,-0.08,-0.16,0.19,0.62
3.126,-0.5,-0.5,-0.08,-0.21,0.16,0.64
3.136,-0.37,-0.5,0.61,-0.27,0.02,0.67
3.147,-0.2,-0.56,1.24,-0.21,-0.17,0.66
3.157,-0.04,-0.63,1.73,-0.08,-0.29,0.6
3.17,0.08,-0.66,1.86,0.07,-0.29,0.51
3.182,-0.09,-0.72,1.46,0.16,-0.18,0.47
3.192,-0.06,-0.61,0.74,0.18,0,0.45
3.203,-0.12,-0.67,0.09,0.14,0.18,0.46
3.214,-0.2,-0.92,-0.78,0.07,0.33,0.47
3.225,-0.45,-0.97,-1.67,0.04,0.34,0.45
3.236,-0.55,-0.95,-1.73,0.01,0.33,0.4
3.248,-0.58,-0.77,-1.67,-0.02,0.33,0.33
3.26,-0.67,-0.61,-1.5,-0.05,0.3,0.26
3.27,-0.74,-0.48,-1.23,-0.05,0.28,0.21
3.281,-0.76,-0.51,-1.02,-0.04,0.2,0.12
3.292,-0.76,-0.62,-0.63,0,0.1,0.08
3.302,-0.82,-0.61,-0.39,0.05,-0.02,0.04
3.313,-0.44,-0.39,-0.21,0.09,-0.12,-0.01
3.324,-0.62,-0.57,0,0.12,-0.19,-0.04
3.335,-0.39,-0.79,0.29,0.18,-0.25,-0.09
3.345,-0.39,-0.79,0.29,0.16,-0.21,-0.11
3.356,-0.26,-0.75,-0.03,0.11,-0.15,-0.12
3.367,-0.11,-0.75,-0.25,0.05,-0.06,-0.13
3.379,-0.03,-0.71,-0.47,-0.02,0.03,-0.15
3.391,0.03,-0.55,-0.76,-0.12,0.12,-0.18
3.404,0.07,-0.45,-1.01,-0.18,0.17,-0.21
3.414,0.07,-0.34,-1.31,-0.21,0.21,-0.22
3.425,-0.02,-0.25,-1.5,-0.22,0.2,-0.23
3.435,-0.01,-0.1,-1.52,-0.22,0.14,-0.23
3.446,0.05,0.01,-1.47,-0.2,0.04,-0.23
3.457,0.07,0.18,-1.43,-0.14,-0.09,-0.25
3.468,0.1,0.41,-1.37,-0.1,-0.2,-0.26
3.479,0.06,0.47,-1.26,-0.06,-0.3,-0.27
3.492,0.02,0.49,-1.15,-0.02,-0.39,-0.27
3.504,0.04,0.54,-1.04,-0.02,-0.39,-0.27
3.515,0.04,0.53,-0.77,0,-0.42,-0.3
3.526,0.04,0.53,-0.77,0,-0.42,-0.3
3.536,-0.02,0.36,-0.41,-0.02,-0.36,-0.33
3.547,0.03,0.3,-0.19,-0.04,-0.3,-0.35
3.558,-0.02,0.35,-0.02,-0.06,-0.26,-0.37
3.569,-0.12,0.39,0.13,-0.08,-0.25,-0.38
3.579,-0.17,0.44,0.29,-0.08,-0.2,-0.39
3.591,-0.26,0.39,0.54,-0.06,-0.16,-0.38
3.602,-0.32,0.33,0.81,-0.02,-0.17,-0.36
3.614,-0.36,0.27,1.1,0.07,-0.27,-0.36
3.624,-0.35,0.21,1.36,0.14,-0.33,-0.36
3.639,-0.2,0.43,1.69,0.21,-0.39,-0.37
3.649,-0.29,0.69,1.38,0.2,-0.48,-0.38
3.67,-0.24,0.32,1.35,0.14,-0.62,-0.37
3.68,-0.13,-0.67,1.9,-0.04,-0.63,-0.4
3.691,-0.19,-0.46,1.65,-0.17,-0.51,-0.43
3.702,-0.21,-0.31,1.45,-0.24,-0.41,-0.44
3.712,-0.02,-0.25,1.41,-0.32,-0.16,-0.46
3.724,0.05,-0.32,1.32,-0.32,-0.03,-0.46
3.735,0.05,-0.46,0.82,-0.28,0.1,-0.47
3.746,0.04,-0.6,0.69,-0.22,0.08,-0.46
3.757,0.01,-0.65,0.66,-0.11,-0.03,-0.45
3.769,-0.03,-0.69,0.69,-0.06,-0.08,-0.45
3.781,-0.06,-0.63,0.76,0.03,-0.05,-0.44
3.795,0,-0.63,0.5,0.09,0,-0.43
3.806,0.02,-0.67,0.22,0.13,0.03,-0.42
3.823,0.05,-0.75,0.07,0.18,0.01,-0.4
3.839,0.14,-0.84,-0.01,0.19,-0.02,-0.38
3.849,0.22,-0.72,-0.16,0.21,-0.09,-0.37
3.861,0.26,-0.64,-0.31,0.2,-0.11,-0.37
3.872,0.24,-0.63,-0.46,0.16,-0.13,-0.38
3.886,0.25,-0.75,-0.49,0.1,-0.16,-0.38
3.897,0.18,-1.05,-0.36,0.03,-0.22,-0.4
3.907,0.15,-1.09,-0.03,0.01,-0.23,-0.4
3.926,0.15,-1.07,0.35,-0.04,-0.2,-0.41
3.938,0.17,-1.01,0.96,-0.04,-0.09,-0.4
3.949,0.22,-0.92,1.2,-0.01,0,-0.37
3.959,0.19,-0.91,1.23,0.03,0.07,-0.33
3.972,0.21,-0.79,1.14,0.08,0.17,-0.29
3.986,0.12,-0.77,0.72,0.1,0.22,-0.23
4.003,0.08,-0.83,0.51,0.14,0.25,-0.18
4.015,-0.03,-0.91,0.01,0.21,0.26,-0.05
4.03,-0.03,-0.91,0.01,0.24,0.24,-0.01
4.042,-0.01,-0.82,-0.5,0.25,0.21,0.05
4.054,-0.11,-0.88,-0.93,0.26,0.22,0.09
4.065,-0.11,-0.88,-0.93,0.26,0.22,0.13
4.078,-0.11,-0.91,-1.02,0.28,0.25,0.17
4.089,-0.12,-0.89,-1.04,0.29,0.27,0.2
4.103,-0.12,-0.85,-1.07,0.31,0.26,0.24
4.113,-0.1,-0.83,-0.99,0.33,0.23,0.26
4.124,0.06,-0.78,-0.88,0.35,0.21,0.27
4.145,-0.08,-0.76,-0.74,0.38,0.17,0.31
4.155,-0.04,-0.71,-0.83,0.38,0.14,0.35
4.168,-0.04,-0.71,-0.83,0.36,0.15,0.37
4.179,-0.08,-0.66,-0.9,0.25,0.16,0.42
4.19,-0.12,-0.57,-0.86,0.19,0.17,0.44
4.201,-0.12,-0.61,-0.72,0.14,0.18,0.46
4.211,-0.12,-0.66,-0.64,0.11,0.16,0.49
4.224,-0.17,-0.74,-0.51,0.08,0.14,0.5
4.239,-0.14,-0.8,-0.42,0.05,0.09,0.55
4.251,-0.01,-0.67,0,0.03,0,0.61
4.263,-0.03,-0.62,0.32,0.03,-0.03,0.63
4.274,0.15,-0.46,0.52,0.03,-0.02,0.66
4.286,-0.09,-0.38,0.32,-0.01,0.01,0.71
4.296,-0.08,-0.78,0.34,-0.09,-0.03,0.86
4.307,0.16,-0.96,0.74,-0.16,-0.07,0.94
4.324,0.28,-0.74,1.22,-0.24,-0.13,0.97
4.341,0.35,-0.44,1.69,-0.25,-0.13,0.95
4.352,0.23,-0.72,1.57,-0.26,-0.07,0.85
4.366,0,-1.13,0.5,-0.24,0.07,0.81
4.377,-0.04,-1.14,0.07,-0.21,0.17,0.82
4.388,-0.04,-1.11,0.07,-0.17,0.22,0.83
4.399,0.06,-1,-0.43,-0.12,0.28,0.83
4.411,0.08,-0.87,-0.74,-0.07,0.31,0.83
4.424,0.16,-0.74,-0.94,-0.04,0.3,0.82
4.435,0.06,-0.65,-1.21,0,0.26,0.82
4.445,0.07,-0.45,-1.33,0.02,0.22,0.81
4.456,-0.05,-0.34,-1.36,0.03,0.16,0.78
4.467,-0.04,-0.24,-1.36,0.03,0.07,0.75
4.477,-0.03,-0.11,-1.26,0.04,0.01,0.71
4.49,0.01,-0.11,-1.08,0.05,-0.05,0.67
4.503,0.01,-0.17,-1.03,0.05,-0.07,0.65
4.514,-0.1,-0.21,-0.86,0.01,-0.17,0.58
4.529,-0.13,-0.16,-0.51,0,-0.24,0.54
4.541,-0.13,-0.04,0.73,0.11,-0.33,0.41
4.552,-0.25,-0.08,1.11,0.17,-0.35,0.36
4.565,-0.31,-0.17,1.45,0.21,-0.34,0.32
4.576,-0.37,-0.21,1.54,0.21,-0.24,0.25
4.586,-0.32,-0.23,1.52,0.19,-0.18,0.23
4.597,-0.22,-0.24,1.44,0.07,0,0.17
4.608,-0.13,-0.3,1.41,0,0.05,0.14
4.625,-0.08,-0.36,1.37,-0.12,0.11,0.09
4.636,-0.13,-0.52,1.25,-0.26,0.12,-0.01
4.653,-0.13,-0.52,1.25,-0.27,0.11,-0.02
4.665,-0.16,-0.58,1.19,-0.27,0.16,-0.05
4.677,-0.15,-0.53,0.46,-0.15,0.22,-0.02
4.69,-0.1,-0.43,0.1,-0.07,0.24,-0.02
4.702,-0.09,-0.38,-0.19,0.02,0.24,-0.03
4.714,-0.07,-0.43,-0.98,0.06,0.22,-0.04
4.725,-0.03,-0.4,-1.33,0.08,0.17,-0.05
4.735,-0.02,-0.34,-1.57,0.06,0.09,-0.09
4.746,-0.14,-0.3,-1.69,0.02,-0.02,-0.13
4.757,-0.26,-0.34,-1.58,-0.01,-0.12,-0.15
4.767,-0.21,-0.39,-1.23,-0.01,-0.17,-0.16
4.779,-0.19,-0.4,-0.92,0.02,-0.2,-0.17
4.791,-0.22,-0.4,-0.5,0.08,-0.23,-0.16
4.806,-0.12,-0.2,0.09,0.13,-0.25,-0.16
4.817,-0.18,-0.08,0.2,0.22,-0.2,-0.16
4.828,-0.17,-0.05,0.24,0.23,-0.2,-0.16
4.842,-0.17,-0.05,0.24,0.24,-0.21,-0.16
4.855,-0.17,-0.49,1.06,0.25,-0.33,-0.22
4.866,-0.12,-0.6,1.26,0.21,-0.4,-0.29
4.877,-0.02,-0.64,1.46,0.14,-0.47,-0.37
4.889,0.1,-0.67,1.72,0.06,-0.5,-0.45
4.901,0.24,-0.74,1.94,0,-0.53,-0.52
4.914,0.53,-0.6,2.28,-0.02,-0.53,-0.58
4.926,0.52,-0.66,2.34,-0.01,-0.48,-0.63
4.938,0.62,-0.66,2,0.02,-0.23,-0.64
4.949,0.72,-0.67,1.21,-0.03,0.08,-0.58
4.961,0.77,-0.74,0.44,-0.16,0.4,-0.48
4.974,0.84,-0.97,-0.77,-0.29,0.58,-0.38
4.985,0.84,-0.97,-0.77,-0.43,0.69,-0.31
5.002,0.77,-1.04,-1.13,-0.52,0.68,-0.28
5.014,0.71,-0.92,-1.44,-0.59,0.58,-0.28
5.028,0.55,-0.78,-1.43,-0.57,0.52,-0.29
5.044,0.29,-0.39,-1.07,-0.37,0.32,-0.36
5.054,0.18,-0.21,-0.91,-0.16,0.15,-0.44
5.065,0.09,-0.27,-0.96,0,0.01,-0.49
5.077,0.09,-0.23,-1.05,0.14,-0.19,-0.53
5.089,-0.08,-0.23,-1.16,0.14,-0.26,-0.51
5.101,-0.17,-0.29,-1.23,0.07,-0.29,-0.43
5.112,-0.21,-0.41,-1.14,0.04,-0.28,-0.41
5.129,-0.17,-0.45,-0.94,-0.09,-0.23,-0.3
5.141,0.03,-0.38,-0.09,-0.21,-0.11,-0.2
5.155,0,-0.43,0.67,-0.23,-0.07,-0.19
5.167,0,-0.43,0.67,-0.22,-0.05,-0.2
5.179,0.07,-0.58,0.83,-0.19,-0.01,-0.23
5.19,0.18,-0.66,0.84,-0.17,-0.01,-0.25
5.201,0.17,-0.62,0.88,-0.15,-0.02,-0.27
5.211,0.11,-0.46,0.84,-0.13,-0.02,-0.28
5.228,0.06,-0.34,0.75,-0.11,-0.01,-0.28
5.238,-0.07,-0.2,0.46,-0.1,0.01,-0.26
5.249,-0.11,-0.19,0.28,-0.09,0.04,-0.23
5.259,-0.17,-0.23,0.15,-0.08,0.06,-0.2
5.273,-0.16,-0.25,0.04,-0.07,0.06,-0.18
5.285,-0.18,-0.26,-0.03,-0.06,0.05,-0.16
5.296,-0.12,-0.26,0.04,-0.05,0.05,-0.15
5.307,-0.13,-0.25,0.08,-0.03,0.05,-0.15
5.319,-0.14,-0.2,0.11,-0.01,0.03,-0.15
5.345,-0.14,-0.19,0.15,-0.01,0.03,-0.15
5.355,-0.12,-0.2,0.18,-0.04,0.06,-0.15
5.366,-0.04,-0.2,0.25,-0.06,0.06,-0.15
5.376,-0.02,-0.17,0.28,-0.06,0.05,-0.14
5.387,-0.03,-0.19,0.32,-0.05,0.05,-0.12
5.397,-0.05,-0.24,0.31,-0.03,0.04,-0.1
5.411,-0.02,-0.25,0.3,-0.03,0.04,-0.09
5.429,0,-0.26,0.29,0,0.03,-0.07
5.441,0.04,-0.32,0.27,0.02,0.08,-0.05
5.455,0.04,-0.29,0.07,0.02,0.1,-0.05
5.466,0.09,-0.3,-0.02,0,0.13,-0.05
5.477,0.06,-0.28,-0.04,0,0.14,-0.06
5.488,0.08,-0.19,-0.09,0,0.15,-0.07
5.504,0.08,-0.19,-0.09,0,0.15,-0.08
5.514,0.03,-0.12,-0.18,0.02,0.12,-0.09
5.527,0.03,-0.12,-0.18,0.03,0.11,-0.09
5.544,0.04,-0.11,-0.24,0.02,0.08,-0.07
5.554,0.11,-0.1,-0.14,0.01,0.05,-0.06
5.565,0.12,-0.12,-0.11,0,0.04,-0.06
5.576,0.1,-0.15,-0.12,-0.01,0.03,-0.05
5.586,0.13,-0.1,-0.13,-0.01,0.01,-0.05
5.597,0.1,-0.18,-0.08,-0.02,-0.01,-0.04
5.609,0.14,-0.24,-0.01,-0.02,-0.03,-0.04
5.62,0.14,-0.21,0.02,-0.02,-0.04,-0.05
5.631,0.1,-0.21,0.08,-0.01,-0.03,-0.05
5.648,0.12,-0.2,0.11,-0.01,-0.01,-0.05
5.67,0.15,-0.14,0.11,-0.02,0.03,-0.06
5.682,0.11,-0.09,0.08,-0.02,0.05,-0.06
5.694,0.09,-0.03,0.11,0,0.05,-0.05
5.707,0.05,0,0.08,0.01,0.05,-0.05
5.719,-0.01,0.01,0.03,0.03,0.02,-0.03
5.73,-0.03,-0.04,0.05,0.03,0.02,-0.03
5.751,0.01,-0.02,0.03,0.04,0,-0.03
5.765,-0.03,0,-0.02,0.05,-0.02,-0.03
5.775,-0.05,-0.01,-0.1,0.04,-0.03,-0.03
5.786,-0.05,-0.04,-0.08,0.02,-0.04,-0.03
5.797,-0.01,-0.04,-0.02,0,-0.04,-0.03
5.807,-0.01,0.01,0.03,-0.01,-0.03,-0.03
5.819,-0.02,0.04,0.07,0,-0.01,-0.03
5.83,-0.02,0.05,0.12,0,-0.01,-0.03
5.844,-0.02,0.05,0.12,0,0,-0.03
5.855,-0.05,0.12,0.11,0.04,0.05,-0.04
5.867,-0.09,0.12,0.02,0.05,0.05,-0.03
5.879,-0.13,0.08,0.01,0.05,0.04,-0.03
5.89,-0.1,0.06,0.01,0.04,0.06,-0.02
5.9,-0.12,0.07,0.05,0.04,0.08,-0.02
5.911,-0.15,0.09,-0.04,0.04,0.07,-0.01
5.921,-0.11,0.12,-0.14,0.03,0.06,-0.01
5.932,-0.15,0.08,-0.2,0.01,0.04,-0.01
5.947,-0.19,0.02,-0.1,0,0.02,0
5.96,-0.11,0.05,-0.03,0.02,0.04,0
5.972,-0.13,0.04,-0.16,0.02,0.04,0.01
5.986,-0.15,0.01,-0.14,0.01,0.03,0
6.003,-0.16,0.02,-0.06,0,0.02,0
6.014,-0.1,0.06,-0.07,0.02,0.02,-0.01
6.029,-0.09,0.05,-0.05,0.02,0.01,-0.01
6.047,-0.05,0.07,0.02,0.01,0,-0.01
6.058,-0.04,0.1,0.03,0,0.01,0
6.069,-0.02,0.08,0.02,-0.01,0.02,0.01
6.081,-0.06,0.06,0.02,-0.02,0.03,0.02
6.092,-0.06,0.04,0.05,-0.02,0.02,0.02
6.104,-0.08,0.05,0.01,-0.02,-0.01,0.02
6.115,0,0.01,0.04,-0.01,-0.01,0.01
6.133,-0.05,0.02,0.04,0,0,0.02
6.146,0.04,-0.01,0.04,0.03,-0.01,0.01
6.159,0,-0.02,0.02,0.03,-0.02,0
6.174,0,-0.02,0.02,0.03,-0.02,0
6.185,0.01,-0.03,-0.09,0.01,0.01,0.01
6.195,0,-0.01,-0.06,0,0,0.01
6.206,0.04,0.01,-0.08,0,0,0.01
6.217,0.03,0,-0.09,-0.02,-0.01,0.01
6.233,-0.01,-0.01,-0.05,-0.02,-0.01,0.01
6.243,0.04,-0.04,0.02,-0.01,-0.01,0.01
6.254,0.07,-0.01,0.03,-0.01,-0.01,0.02
6.265,0.02,-0.03,0.06,-0.01,0,0.02
6.275,0.04,-0.02,0.05,0,0.01,0.02
6.286,0.04,-0.01,0.05,0,0,0.01
6.298,0.05,0.01,0.02,0,-0.01,0.01
6.309,0.01,-0.01,-0.02,0,0,0.01
6.32,0.06,-0.04,0.04,0,0,0
6.346,0.03,-0.01,0.1,0,-0.01,0
6.359,0.04,-0.04,-0.03,-0.01,0,-0.02
6.371,0.05,-0.07,0,-0.01,-0.02,-0.02
6.385,0.08,-0.07,0.16,0,-0.02,-0.03
6.396,0.07,-0.04,0.13,0.01,0,-0.03
6.411,0.04,-0.08,0.05,0.01,0.01,-0.03
6.421,0.02,-0.1,0.04,0,0,-0.03
6.434,0.05,-0.09,0.12,0,0.01,-0.04
6.445,-0.02,-0.06,0.01,0.01,0.04,-0.04
6.458,-0.01,-0.06,-0.12,0.01,0.05,-0.04
6.469,-0.01,-0.13,-0.17,0,0.02,-0.03
6.481,-0.02,-0.09,-0.14,0.01,-0.01,-0.04
6.493,-0.01,-0.04,-0.1,0.01,-0.02,-0.05
6.505,0.01,-0.05,-0.12,0.01,-0.02,-0.05
6.516,-0.02,-0.1,-0.15,0,-0.01,-0.05
6.528,0.02,-0.06,0,0,-0.01,-0.05
6.539,0.05,0.03,0.07,0.01,-0.02,-0.06
6.549,0.06,-0.01,0.06,0.01,-0.01,-0.06
6.56,0.02,-0.05,-0.01,0,-0.02,-0.06
6.571,-0.01,-0.08,0.02,0,-0.03,-0.07
6.581,0.06,-0.02,0.09,0,-0.02,-0.07
6.592,0.07,0.02,0.11,0,0,-0.06
6.605,0.07,0.03,0.1,0,0,-0.07
6.619,0.05,0.04,0.1,0,0,-0.06
6.63,0.06,0.05,0.03,0,0.01,-0.06
6.642,0.05,0.07,0.01,-0.01,0.01,-0.05
6.654,0.06,0.09,0,-0.01,-0.01,-0.05
6.672,0.06,0.09,0,0,-0.01,-0.05
6.686,0.05,0.08,-0.04,0.01,-0.02,-0.05
6.697,0.03,0.08,-0.04,0.02,-0.03,-0.06
6.709,-0.02,0.02,-0.05,0.02,-0.02,-0.05
6.719,0.05,0.04,-0.1,0.01,-0.02,-0.06
6.73,-0.01,0.04,-0.03,0.01,-0.02,-0.06
6.744,-0.02,0.03,0.01,0.02,-0.02,-0.07
6.757,-0.03,0.01,-0.03,0.04,-0.03,-0.07
6.767,-0.06,0,-0.03,0.04,-0.03,-0.07
6.779,-0.05,0,-0.02,0.04,-0.01,-0.07
6.792,-0.02,0,-0.05,0.02,0,-0.08
6.806,-0.04,-0.02,-0.06,0.01,0.01,-0.08
6.818,-0.02,0.01,-0.06,-0.02,0.02,-0.09
6.829,-0.05,0,-0.02,-0.02,0.02,-0.08
6.844,-0.05,0,-0.02,-0.03,0.02,-0.09
6.855,-0.04,-0.03,0.01,-0.03,0.02,-0.09
6.866,-0.03,-0.03,0.01,-0.02,0.02,-0.09
6.877,-0.04,-0.03,-0.05,-0.02,0.03,-0.08
6.889,-0.09,-0.05,-0.07,-0.03,0.03,-0.08
6.901,-0.06,-0.05,-0.09,-0.03,0.03,-0.08
6.913,-0.06,-0.03,-0.02,-0.03,0.02,-0.08
6.931,-0.02,0,0.02,-0.03,0.02,-0.08
6.947,-0.01,0.02,-0.01,-0.03,0.02,-0.08
6.96,-0.04,0.03,-0.06,-0.05,0.02,-0.07
6.973,0,0.07,-0.02,-0.05,0.02,-0.07
6.985,-0.01,0.08,0,-0.05,0.02,-0.07
7.007,-0.02,0.09,-0.01,-0.05,0.01,-0.07
7.019,-0.03,0.08,0.04,-0.04,0.01,-0.05
7.034,0.03,0.09,0.1,-0.04,0.01,-0.05
7.055,0,0.11,0.15,-0.01,0.02,-0.05
7.065,-0.04,0.13,0.1,0,0.02,-0.05
7.076,-0.04,0.07,0.06,0,0.01,-0.04
7.086,-0.02,0.04,0.1,0,0,-0.04
7.097,0.01,0.03,0.11,-0.01,0.01,-0.04
7.113,0,0.03,0.08,0,0.03,-0.04
7.133,0.02,0,0.05,0,0.03,-0.04
7.145,0.01,-0.02,0.02,0,0.03,-0.05
7.155,0.01,-0.02,-0.05,-0.01,0.05,-0.04
7.166,0.01,-0.02,-0.05,-0.01,0.06,-0.06
7.177,-0.01,-0.11,-0.04,0,0.06,-0.03
7.189,0.04,-0.05,0.03,0.01,0.02,-0.05
7.201,0,-0.07,0.09,0.02,0.02,-0.04
7.211,0.06,-0.09,0.02,0.02,0.03,-0.04
7.227,-0.02,-0.09,-0.03,0.01,0.04,-0.04
7.24,-0.01,-0.09,0.02,0,0.02,-0.03
7.251,0,-0.1,0.05,0.01,0.03,-0.03
7.262,0.01,-0.09,0.01,0.01,0.02,-0.02
7.274,-0.01,-0.08,-0.02,0,0.02,-0.02
7.285,0.01,-0.05,-0.06,0,0.02,-0.01
7.296,-0.02,-0.04,-0.06,-0.01,0.03,-0.01
7.315,-0.02,-0.02,-0.05,-0.01,0.03,-0.01
7.337,0.01,-0.02,0.01,0,0.02,-0.01
7.347,0,-0.02,-0.02,0.02,0.02,-0.01
7.359,-0.03,-0.01,-0.02,0.02,0.04,0
7.37,-0.02,0.02,-0.08,0.01,0.05,0
7.381,-0.05,0.03,-0.11,0,0.04,0
7.395,-0.05,0.02,-0.07,-0.01,0.04,0.01
7.405,-0.06,0.02,0.04,-0.02,0.03,0.01
7.416,-0.04,0.06,0.1,-0.01,0.03,0.01
7.431,-0.07,-0.02,0.03,0,0.03,0.02
7.445,-0.07,0.05,0.1,0,0.02,0.03
7.456,-0.1,-0.05,0.06,0.03,0.03,0.05
7.468,-0.04,-0.01,0.04,0.03,0,0.06
7.479,-0.08,0.03,0.17,0.04,0.01,0.07
7.491,-0.1,0,0.19,0.03,0.02,0.07
7.503,-0.12,-0.02,0.13,0.03,0.02,0.07
7.515,-0.18,-0.02,-0.06,0.01,0.06,0.1
7.526,-0.24,-0.08,-0.1,0,0.07,0.11
7.537,-0.27,-0.1,-0.1,0,0.06,0.15
7.548,-0.38,-0.13,-0.08,0.01,0.05,0.19
7.56,-0.44,-0.18,0,0.03,0.05,0.22
7.57,-0.43,-0.17,0.15,0.06,0.07,0.27
7.581,-0.48,-0.1,0.23,0.08,0.08,0.3
7.596,-0.53,-0.09,0.18,0.1,0.08,0.35
7.607,-0.56,-0.15,0.18,0.1,0.08,0.42
7.618,-0.66,-0.17,0.25,0.1,0.09,0.45
7.636,-0.72,-0.28,0.33,0.08,0.14,0.56
7.649,-0.67,-0.12,0.3,0.02,0.25,0.7
7.668,-0.83,-0.2,0.39,-0.02,0.33,0.8
7.68,-0.69,-0.31,0.49,-0.03,0.41,0.92
7.691,-0.81,-0.37,0.42,-0.03,0.45,1.01
7.703,-1.04,-0.47,0.47,-0.02,0.47,1.1
7.715,-0.88,-0.46,0.25,-0.02,0.49,1.16
7.73,-0.79,-0.45,0.16,-0.02,0.48,1.26
7.741,-0.89,-0.46,0.23,-0.03,0.47,1.34
7.751,-0.81,-0.5,0.24,-0.04,0.49,1.38
7.766,-0.8,-0.58,0.16,-0.04,0.53,1.42
7.779,-0.75,-0.58,0.07,-0.09,0.57,1.48
7.791,-0.77,-0.7,-0.08,-0.15,0.61,1.56
7.804,-0.8,-0.71,-0.28,-0.19,0.64,1.6
7.815,-0.8,-0.71,-0.28,-0.23,0.64,1.63
7.837,-0.77,-0.77,-0.48,-0.27,0.62,1.69
7.847,-0.78,-0.84,-0.59,-0.29,0.59,1.77
7.858,-0.76,-0.88,-0.7,-0.31,0.51,1.82
7.868,-0.78,-0.83,-0.65,-0.31,0.5,1.84
7.88,-0.8,-0.82,-0.68,-0.31,0.47,1.86
7.891,-0.74,-0.74,-0.69,-0.31,0.41,1.89
7.904,-0.77,-0.69,-0.73,-0.33,0.37,1.91
7.916,-0.77,-0.69,-0.73,-0.35,0.3,1.94
7.927,-0.75,-0.67,-0.56,-0.37,0.21,1.98
7.937,-0.74,-0.63,-0.47,-0.38,0.14,2
7.949,-0.76,-0.61,-0.39,-0.37,0.08,2
7.96,-0.69,-0.64,-0.34,-0.37,0.04,2.01
7.971,-0.7,-0.65,-0.31,-0.37,0.01,2.02
7.985,-0.58,-0.61,-0.3,-0.39,0.02,2.03
8.004,-0.55,-0.55,-0.37,-0.42,0.03,2.04
8.015,-0.58,-0.52,-0.32,-0.5,0.06,2.03
8.033,-0.58,-0.58,-0.3,-0.53,0.06,2.03
8.047,-0.62,-0.57,-0.24,-0.53,0.01,2.02
8.059,-0.6,-0.5,0.19,-0.45,-0.05,2
8.069,-0.62,-0.5,0.41,-0.38,-0.08,1.98
8.081,-0.6,-0.46,0.54,-0.29,-0.1,1.97
8.095,-0.5,-0.29,0.61,-0.22,-0.1,1.95
8.107,-0.44,-0.23,0.53,-0.14,-0.06,1.92
8.117,-0.37,-0.17,0.27,-0.12,-0.03,1.9
8.133,-0.27,-0.07,0.02,-0.13,-0.01,1.86
8.15,-0.21,0.07,-0.23,-0.15,-0.01,1.84
8.168,-0.2,0.15,-0.27,-0.18,0,1.79
8.178,-0.13,0.3,-0.23,-0.18,-0.03,1.71
8.189,-0.09,0.35,-0.08,-0.14,-0.07,1.65
8.2,-0.07,0.37,0.05,-0.1,-0.12,1.6
8.211,0.02,0.39,0.15,-0.04,-0.17,1.54
8.224,0.06,0.39,0.18,0.01,-0.18,1.5
8.238,0.09,0.38,0.18,0.03,-0.18,1.47
8.252,0.11,0.34,0.19,0.03,-0.15,1.44
8.269,0.14,0.26,0.33,-0.01,-0.08,1.39
8.281,0.17,0.27,0.38,-0.07,0.02,1.32
8.295,0.21,0.29,0.3,-0.1,0.07,1.28
8.306,0.27,0.3,0.22,-0.12,0.14,1.24
8.316,0.27,0.3,0.22,-0.12,0.17,1.22
8.336,0.37,0.32,-0.02,-0.13,0.17,1.16
8.347,0.46,0.41,-0.22,-0.13,0.16,1.1
8.359,0.45,0.42,-0.29,-0.14,0.1,1.04
8.37,0.47,0.39,-0.25,-0.15,0.03,0.99
8.381,0.49,0.34,-0.12,-0.15,-0.01,0.96
8.394,0.45,0.23,0.24,-0.14,-0.02,0.92
8.405,0.45,0.18,0.41,-0.13,-0.03,0.89
8.417,0.48,0.14,0.47,-0.1,0.02,0.86
8.431,0.62,0.06,0.42,-0.07,0.07,0.84
8.45,0.72,-0.01,0.13,-0.05,0.14,0.81
8.46,0.67,-0.04,-0.08,-0.08,0.22,0.76
8.471,0.65,-0.08,-0.29,-0.11,0.26,0.72
8.486,0.65,-0.33,-0.49,-0.13,0.31,0.68
8.506,0.58,-0.4,-0.58,-0.14,0.34,0.65
8.517,0.49,-0.46,-0.68,-0.13,0.29,0.64
8.534,0.6,-0.45,-0.69,-0.1,0.24,0.64
8.547,0.71,-0.39,-0.85,-0.1,0.16,0.64
8.558,0.77,-0.39,-0.83,-0.12,-0.06,0.62
8.57,0.72,-0.48,-0.66,-0.12,-0.23,0.61
8.582,0.71,-0.47,-0.66,-0.08,-0.36,0.61
8.593,0.45,-0.7,0.18,-0.02,-0.45,0.62
8.605,0.46,-0.81,0.95,0.03,-0.47,0.62
8.617,0.51,-0.81,1.16,0.11,-0.5,0.6
8.632,0.58,-0.82,1.3,0.13,-0.47,0.6
8.645,0.66,-0.84,1.19,0.13,-0.43,0.6
8.656,0.69,-0.87,1.01,0.1,-0.34,0.61
8.667,0.65,-0.88,0.82,0.06,-0.28,0.62
8.679,0.62,-0.9,0.69,0.03,-0.19,0.63
8.69,0.65,-0.85,0.36,0,-0.12,0.63
8.701,0.64,-0.83,0.1,-0.02,-0.07,0.63
8.713,0.66,-0.79,-0.09,-0.03,-0.03,0.62
8.725,0.6,-0.73,-0.5,-0.04,-0.01,0.6
8.737,0.61,-0.63,-0.61,-0.06,-0.03,0.57
8.751,0.69,-0.55,-0.67,-0.08,-0.05,0.55
8.769,0.64,-0.49,-0.68,-0.12,-0.15,0.51
8.783,0.59,-0.49,-0.62,-0.18,-0.25,0.49
8.794,0.6,-0.44,-0.26,-0.21,-0.3,0.49
8.805,0.63,-0.35,0.03,-0.21,-0.31,0.49
8.816,0.69,-0.32,0.33,-0.2,-0.29,0.48
8.838,0.77,-0.32,0.52,-0.19,-0.25,0.46
8.85,0.81,-0.26,0.52,-0.17,-0.16,0.44
8.861,0.84,-0.21,0.42,-0.16,-0.12,0.43
8.873,0.85,-0.19,0.15,-0.13,-0.08,0.39
8.885,0.84,-0.17,0.15,-0.12,-0.06,0.39
8.897,0.83,-0.25,-0.32,-0.13,0,0.41
8.909,0.76,-0.29,-0.49,-0.15,0.04,0.46
8.921,0.83,-0.24,-0.56,-0.17,0.09,0.47
8.934,0.98,-0.08,-0.5,-0.15,0.09,0.48
8.944,0.92,0.11,-0.22,-0.12,0.07,0.48
8.955,0.95,0.19,-0.03,-0.04,0.02,0.47
8.966,1.04,0.28,0.1,0.02,-0.02,0.46
8.977,1.1,0.37,0.19,0.12,-0.06,0.41
8.989,1.02,0.41,0.21,0.19,-0.09,0.37
9.001,0.96,0.43,0.19,0.2,-0.1,0.36
9.014,0.82,0.16,0.12,0.26,-0.18,0.3
9.025,0.91,0,0.08,0.25,-0.18,0.28
9.036,0.91,-0.07,0.07,0.24,-0.17,0.24
9.047,0.97,-0.12,0.08,0.17,-0.12,0.21
9.06,1,-0.11,0.05,0.08,-0.03,0.19
9.071,0.98,-0.04,0.01,0,0.03,0.19
9.085,0.9,0.05,0.04,-0.06,0.09,0.18
9.096,0.89,0.03,0.07,-0.12,0.14,0.18
9.109,0.9,0.01,0.15,-0.13,0.15,0.17
9.12,0.92,0.02,0.17,-0.11,0.15,0.17
9.131,0.85,0.04,0.16,-0.09,0.13,0.17
9.151,0.84,0.06,0.1,-0.06,0.07,0.18
9.168,0.9,0.1,0.12,0.01,-0.01,0.18
9.18,0.96,0.24,0.21,0.08,-0.1,0.18
9.193,0.95,0.22,0.25,0.13,-0.13,0.18
9.205,0.96,0.2,0.18,0.16,-0.13,0.19
9.216,0.88,0.15,0.07,0.19,-0.14,0.21
9.227,0.86,0.14,0.01,0.21,-0.16,0.24
9.239,0.92,0.14,-0.04,0.19,-0.16,0.25
9.251,1.07,0.19,-0.09,0.18,-0.14,0.26
9.269,1.16,0.29,-0.19,0.14,-0.13,0.26
9.281,1.16,0.29,-0.19,0.1,-0.15,0.25
9.292,1.16,0.34,-0.22,0.11,-0.18,0.24
9.305,1.21,0.36,-0.12,0.13,-0.21,0.23
9.316,1.2,0.37,-0.13,0.18,-0.26,0.23
9.336,1.16,0.35,-0.18,0.21,-0.28,0.22
9.347,1.14,0.3,-0.32,0.24,-0.26,0.23
9.358,1.1,0.26,-0.36,0.25,-0.28,0.24
9.37,0.98,0.17,-0.31,0.26,-0.29,0.25
9.381,0.93,0.14,-0.25,0.26,-0.33,0.26
9.393,0.88,0.27,-0.13,0.26,-0.33,0.26
9.405,0.79,0.39,-0.14,0.26,-0.32,0.26
9.416,0.69,0.54,-0.19,0.23,-0.24,0.25
9.427,0.55,0.55,-0.29,0.19,-0.16,0.26
9.439,0.51,0.46,-0.5,0.13,-0.16,0.29
9.453,0.48,0.2,-0.38,0.08,-0.25,0.32
9.468,0.5,-0.05,0.08,0.01,-0.43,0.31
9.479,0.51,-0.07,0.93,-0.04,-0.48,0.24
9.489,0.46,0.09,1.11,-0.05,-0.46,0.19
9.505,0.38,0.21,1.1,-0.05,-0.45,0.18
9.516,0.3,0.31,0.96,0.05,-0.23,0.15
9.527,0.13,0.26,0.64,0.17,0,0.19
9.539,0.04,0.22,0.31,0.25,0.13,0.23
9.551,-0.12,0.14,-0.12,0.31,0.17,0.25
9.565,-0.22,0.01,-0.67,0.32,0.17,0.27
9.577,-0.29,0.02,-0.73,0.27,0.16,0.27
9.589,-0.33,0.06,-0.71,0.24,0.15,0.26
9.6,-0.31,0.19,-0.69,0.21,0.13,0.24
9.615,-0.34,0.33,-0.48,0.19,0.1,0.22
9.626,-0.38,0.28,-0.31,0.19,-0.01,0.18
9.637,-0.38,0.28,-0.31,0.19,-0.04,0.16
9.659,-0.37,0.21,-0.17,0.21,-0.13,0.11
9.67,-0.3,0.09,-0.12,0.18,-0.15,0.07
9.681,-0.35,-0.1,0.09,0.05,-0.16,0.04
9.691,-0.34,-0.2,0.24,-0.02,-0.1,0.04
9.704,-0.6,-0.52,0.35,-0.08,-0.05,0.08
9.715,-0.52,-0.43,0.5,-0.09,0.07,0.1
9.726,-0.35,-0.3,0.5,-0.06,0.17,0.1
9.737,-0.38,-0.22,0.49,-0.01,0.22,0.09
9.748,-0.34,-0.06,0.3,0.04,0.26,0.07
9.759,-0.41,-0.02,0.11,0.09,0.29,0.04
9.774,-0.51,-0.02,-0.09,0.1,0.29,0.04
9.784,-0.42,-0.09,-0.47,0.12,0.3,0.01
9.796,-0.4,-0.07,-0.58,0.1,0.24,0
9.808,-0.44,-0.01,-0.62,0.08,0.17,0.01
9.819,-0.42,0.11,-0.56,0.07,0.12,0.03
9.835,-0.37,0.24,-0.47,0.06,0.11,0.03
9.846,-0.31,0.39,-0.23,0.01,0.15,0.05
9.857,-0.31,0.39,-0.23,-0.01,0.18,0.06
9.867,-0.31,0.48,-0.19,-0.06,0.26,0.07
9.878,-0.32,0.6,-0.17,-0.11,0.33,0.07
9.89,-0.4,0.6,-0.16,-0.13,0.4,0.06
9.904,-0.39,0.74,-0.21,-0.13,0.39,0.06
9.916,-0.4,0.8,-0.15,-0.11,0.33,0.04
9.928,-0.4,0.83,-0.15,-0.07,0.26,0.02
9.939,-0.34,0.87,-0.13,-0.05,0.18,0
9.953,-0.37,0.92,-0.12,-0.05,0.1,-0.01
9.966,-0.26,1.01,0.12,-0.06,0.03,-0.02
9.977,-0.19,1.1,0.22,-0.09,0.03,-0.04
9.989,-0.11,1.14,0.24,-0.14,0.08,-0.04
10.005,-0.09,1.18,0.17,-0.15,0.09,-0.04
10.018,0.02,1.22,-0.11,-0.28,0.25,-0.04
10.029,0,1.24,-0.26,-0.32,0.29,-0.03
10.041,-0.03,1.25,-0.38,-0.32,0.28,-0.01
10.053,0,1.3,-0.45,-0.28,0.25,-0.01
10.064,-0.02,1.32,-0.51,-0.24,0.19,0
10.075,-0.02,1.36,-0.52,-0.15,0.09,0
10.085,0.03,1.42,-0.49,-0.08,0.03,-0.01
10.096,0.1,1.49,-0.41,0.01,-0.03,-0.03
10.108,0.14,1.54,-0.32,0.09,-0.05,-0.05
10.119,0.18,1.56,-0.28,0.15,-0.06,-0.07
10.131,0.2,1.58,-0.24,0.2,-0.06,-0.09
10.145,0.15,1.62,-0.16,0.23,-0.04,-0.11
10.157,0.15,1.6,-0.16,0.24,-0.06,-0.12
10.169,0.15,1.58,-0.22,0.25,-0.07,-0.13
10.18,0.22,1.56,-0.11,0.26,-0.1,-0.15
10.191,0.19,1.51,-0.03,0.28,-0.22,-0.18
10.202,0.19,1.44,0.05,0.28,-0.26,-0.2
10.214,0.26,1.38,0.22,0.27,-0.28,-0.22
10.226,0.3,1.31,0.25,0.24,-0.29,-0.25
10.237,0.31,1.27,0.28,0.16,-0.24,-0.27
10.25,0.3,1.18,0.35,0.1,-0.22,-0.29
10.264,0.27,1.02,0.58,0.06,-0.2,-0.3
10.276,0.29,0.95,0.65,0.03,-0.19,-0.33
10.287,0.27,0.91,0.75,0.03,-0.19,-0.34
10.3,0.21,0.92,0.8,0.03,-0.17,-0.34
10.313,0.2,0.85,0.74,0.04,-0.11,-0.32
10.324,0.2,0.85,0.74,0.07,-0.03,-0.29
10.338,0.16,0.79,0.75,0.07,-0.02,-0.29
10.349,0.22,0.87,0.38,0.07,0.23,-0.22
10.361,0.34,0.68,0.24,0.01,0.44,-0.14
10.374,0.26,0.55,0.18,-0.08,0.52,-0.04
10.385,0.38,0.46,0.23,-0.12,0.56,-0.02
10.396,0.18,0.45,0.21,-0.17,0.62,-0.06
10.408,-0.04,0.38,0.14,-0.19,0.56,-0.13
10.42,-0.11,0.3,0.17,-0.18,0.45,-0.23
10.433,-0.28,0.11,0.33,-0.15,0.31,-0.33
10.445,-0.32,0.01,0.31,-0.09,0.13,-0.42
10.458,-0.32,0.01,0.31,-0.03,-0.12,-0.52
10.471,-0.34,-0.26,0.55,0.05,-0.42,-0.59
10.484,-0.05,-0.31,0.77,0.06,-0.42,-0.59
10.501,-0.05,-0.31,0.77,0.07,-0.33,-0.58
10.514,0.08,-0.29,0.82,0.09,-0.08,-0.56
10.525,0.08,-0.3,0.82,0.09,0.1,-0.53
10.537,0.2,-0.11,0.14,0.09,0.18,-0.51
10.549,0.2,-0.04,-0.39,0.04,0.24,-0.47
10.56,0.17,-0.09,-0.71,0.01,0.19,-0.45
10.573,0.27,-0.08,-1.01,-0.01,0.13,-0.44
10.585,0.35,-0.03,-1.07,-0.03,0.06,-0.43
10.596,0.46,-0.03,-1.06,-0.05,-0.07,-0.43
10.608,0.48,-0.07,-0.99,-0.06,-0.17,-0.45
10.619,0.39,-0.17,-0.87,-0.08,-0.24,-0.44
10.63,0.25,-0.3,-0.63,-0.11,-0.27,-0.42
10.645,0.03,-0.52,0.05,-0.13,-0.26,-0.4
10.656,0.04,-0.55,0.43,-0.09,-0.15,-0.37
10.671,0.1,-0.53,0.82,-0.02,-0.02,-0.37
10.685,0.14,-0.5,0.94,0.08,0.13,-0.35
10.696,0.15,-0.2,0.7,0.15,0.3,-0.32
10.708,0.11,-0.09,0.18,0.18,0.41,-0.28
10.72,0.1,-0.01,-0.23,0.18,0.49,-0.23
10.735,-0.04,0.01,-1.18,0.15,0.51,-0.16
10.746,0.04,0.08,-1.57,0.08,0.48,-0.05
10.758,0.08,0.14,-1.8,0.04,0.43,0
10.774,0.12,0.23,-1.89,0.01,0.36,0.05
10.785,0.16,0.28,-1.81,0,0.33,0.07
10.796,0.19,0.35,-1.44,0,0.24,0.12
10.808,0.2,0.39,-1.27,0.02,0.2,0.14
10.819,0.21,0.45,-1.16,0.04,0.17,0.16
10.83,0.19,0.39,-1,0.08,0.12,0.19
10.844,0.2,0.44,-0.54,0.13,0.06,0.22
10.858,0.18,0.43,-0.33,0.21,0.03,0.25
10.87,0.22,0.4,-0.14,0.3,-0.02,0.28
10.88,0.25,0.29,-0.03,0.35,-0.06,0.32
10.893,0.27,0.07,0.34,0.38,-0.13,0.34
10.904,0.24,0.02,0.53,0.4,-0.19,0.36
10.918,0.22,-0.03,0.7,0.4,-0.29,0.37
10.928,0.19,-0.09,0.85,0.36,-0.37,0.36
10.94,0.19,-0.12,1.04,0.28,-0.39,0.35
10.954,0.1,-0.05,1.2,0.21,-0.32,0.37
10.967,0.33,-0.08,1.04,0.09,-0.32,0.45
10.979,0.3,-0.36,1.38,0.02,-0.28,0.52
10.99,0.37,-0.38,1.75,0.01,-0.12,0.55
11.005,0.3,0.21,1.4,0,0.06,0.54
11.017,0.22,0.28,0.96,-0.05,0.23,0.55
11.028,0.09,0.08,0.71,-0.08,0.26,0.53
11.04,-0.07,-0.27,0.48,-0.11,0.27,0.53
11.055,-0.26,-0.48,0.14,-0.16,0.24,0.53
11.066,-0.37,-0.52,-0.23,-0.23,0.13,0.5
11.078,-0.37,-0.66,-0.06,-0.22,-0.02,0.45
11.09,-0.36,-0.87,0.16,-0.16,-0.15,0.4
11.101,-0.32,-0.93,0.33,-0.09,-0.23,0.36
11.113,-0.12,-0.68,0.32,0,-0.25,0.32
11.125,-0.1,-0.57,0.07,0.07,-0.22,0.3
11.136,-0.11,-0.58,-0.21,0.13,-0.14,0.31
11.146,0.01,-0.54,-0.61,0.15,-0.07,0.34
11.157,-0.04,-0.41,-0.87,0.14,0.01,0.36
11.172,-0.07,-0.5,-1.09,0.08,0.09,0.38
11.185,-0.17,-0.55,-1.19,0,0.09,0.4
11.196,-0.3,-0.52,-0.95,-0.05,-0.03,0.4
11.208,-0.37,-0.55,-0.6,-0.03,-0.15,0.41
11.219,-0.26,-0.56,-0.22,0.04,-0.27,0.39
11.23,-0.23,-0.5,0.24,0.14,-0.43,0.37
11.241,-0.19,-0.37,0.72,0.21,-0.49,0.35
11.259,-0.02,-0.11,1.29,0.36,-0.52,0.28
11.27,0.1,-0.06,1.36,0.44,-0.32,0.18
11.285,0.08,-0.17,0.78,0.39,-0.17,0.15
11.296,0.04,-0.24,0.47,0.24,0.16,0.12
11.307,-0.03,-0.33,0.14,0.12,0.37,0.1
11.319,-0.1,-0.4,-0.12,0.01,0.52,0.09
11.33,-0.2,-0.41,-0.46,-0.08,0.58,0.07
11.343,-0.23,-0.39,-0.65,-0.11,0.58,0.07
11.362,-0.27,-0.24,-0.82,-0.15,0.49,0.02
11.373,-0.35,-0.03,-0.9,-0.14,0.29,-0.04
11.385,-0.34,0.17,-0.97,-0.12,0.21,-0.07
11.396,-0.28,0.24,-0.99,-0.1,0.13,-0.11
11.408,-0.25,0.29,-0.96,-0.08,0.1,-0.14
11.421,-0.16,0.31,-0.95,-0.07,0.07,-0.16
11.434,-0.13,0.25,-0.97,-0.06,0.04,-0.17
11.445,-0.13,0.22,-0.95,-0.05,0.01,-0.18
11.458,-0.1,0.21,-0.86,-0.05,-0.02,-0.18
11.47,-0.1,0.21,-0.86,-0.05,-0.05,-0.19
11.486,-0.04,0.28,-0.55,-0.05,-0.05,-0.2
11.498,0.04,0.24,-0.48,-0.07,0,-0.2
11.51,0.05,0.26,-0.4,-0.08,0.01,-0.22
11.521,-0.01,0.29,-0.22,-0.08,0.04,-0.24
11.533,-0.03,0.16,0.08,-0.05,0.05,-0.25
11.545,-0.11,0.14,0.27,-0.04,0.07,-0.27
11.56,-0.16,0.12,0.48,-0.01,0.05,-0.26
11.579,-0.2,0.03,0.74,0.07,0.01,-0.26
11.59,-0.3,0.02,1.08,0.2,-0.06,-0.27
11.604,-0.23,0.13,0.67,0.2,-0.08,-0.27
11.614,-0.16,-0.22,0.67,0.15,-0.2,-0.26
11.626,-0.13,-0.6,0.87,0.08,-0.25,-0.25
11.644,-0.18,-0.68,0.98,-0.02,-0.19,-0.26
11.667,-0.14,-0.34,0.76,-0.13,-0.08,-0.27
11.678,0.08,-0.24,0.27,-0.3,0.14,-0.29
11.69,-0.05,-0.37,0.08,-0.41,0.25,-0.3
11.701,-0.1,-0.34,-0.12,-0.44,0.25,-0.3
11.713,-0.15,-0.21,-0.41,-0.46,0.21,-0.3
11.727,-0.19,-0.28,-0.33,-0.44,0.1,-0.3
11.74,-0.28,-0.43,0,-0.38,-0.13,-0.3
11.761,-0.4,-0.6,0.51,-0.26,-0.23,-0.28
11.771,-0.46,-0.59,1.21,0.01,-0.23,-0.24
11.785,-0.42,-0.61,1.36,0.15,-0.14,-0.21
11.796,-0.28,-0.72,1.13,0.27,-0.03,-0.17
11.808,-0.31,-0.74,0.71,0.32,0.04,-0.13
11.819,-0.31,-0.77,0.3,0.32,0.07,-0.1
11.83,-0.25,-0.84,0.01,0.3,0.06,-0.06
11.844,-0.14,-0.91,-0.23,0.28,0.05,-0.02
11.857,-0.07,-0.86,-0.29,0.26,0.04,0.01
11.87,-0.05,-0.83,-0.29,0.21,0.01,0.06
11.88,0.02,-0.86,-0.28,0.17,-0.01,0.07
11.893,0.03,-1.03,-0.2,0.13,0,0.1
11.905,0.1,-1.11,-0.28,0.09,0.01,0.13
11.916,0.12,-1.22,-0.29,-0.01,0,0.16
11.928,0.1,-1.37,-0.26,-0.11,0,0.2
11.94,0.07,-1.44,-0.19,-0.18,0,0.24
11.958,0.06,-1.53,0.33,-0.27,0.01,0.31
11.97,0.13,-1.5,0.62,-0.33,0.11,0.41
11.981,0.13,-1.42,0.78,-0.31,0.24,0.49
11.993,0.17,-1.09,0.73,-0.27,0.36,0.55
12.005,0.23,-0.93,0.5,-0.2,0.46,0.62
12.016,0.34,-0.75,0.15,-0.06,0.54,0.7
12.028,0.39,-0.61,-0.29,0.03,0.51,0.74
12.041,0.4,-0.58,-0.6,0.1,0.44,0.77
12.054,0.4,-0.45,-1.12,0.15,0.32,0.78
12.066,0.4,-0.37,-1.27,0.18,0.2,0.78
12.078,0.45,-0.29,-1.29,0.17,0.16,0.79
12.09,0.42,-0.23,-1.23,0.15,0.14,0.8
12.104,0.31,-0.3,-0.87,0.15,0.14,0.81
12.114,0.3,-0.34,-0.66,0.16,0.11,0.82
12.125,0.29,-0.42,-0.42,0.18,0.06,0.82
12.138,0.17,-0.51,-0.18,0.21,0.01,0.83
12.15,0.16,-0.61,0.11,0.24,-0.02,0.85
12.161,0.16,-0.64,0.26,0.26,-0.04,0.86
12.172,0.21,-0.68,0.5,0.29,-0.07,0.87
12.184,0.24,-0.75,0.73,0.3,-0.07,0.89
12.195,0.24,-0.75,0.73,0.31,-0.08,0.92
12.206,0.28,-0.69,0.69,0.31,-0.08,0.97
12.218,0.29,-0.64,0.56,0.29,-0.03,1.03
12.229,0.29,-0.51,0.3,0.23,0.04,1.08
12.244,0.24,-0.45,0,0.18,0.08,1.11
12.261,0.17,-0.6,-0.18,0.02,0.14,1.2
12.272,0.09,-0.62,0.03,-0.13,0.11,1.32
12.284,-0.12,-0.65,0.95,-0.14,0.05,1.36
12.295,-0.14,-0.64,0.95,-0.08,-0.05,1.39
12.306,-0.11,-0.79,2.13,-0.02,-0.07,1.37
12.316,-0.41,-0.88,2.41,0.09,0.06,1.39
12.33,-0.65,-1.01,2.19,0.14,0.25,1.44
12.341,-0.61,-0.95,1.32,0.12,0.58,1.53
12.36,-0.95,-1.12,-0.1,0.04,0.75,1.61
12.382,-1.21,-1.27,-0.92,-0.12,0.99,1.83
12.394,-1.31,-1.15,-1.21,-0.24,0.91,2.01
12.408,-1.45,-0.82,-1.34,-0.25,0.83,2.05
12.42,-1.46,-0.68,-1.35,-0.24,0.52,2.09
12.431,-1.47,-0.49,-1.29,-0.22,0.33,2.08
12.441,-1.49,-0.37,-1.22,-0.22,0.16,2.06
12.453,-1.54,-0.33,-1.11,-0.22,0.04,2.04
12.464,-1.49,-0.59,-0.78,-0.24,-0.04,2.04
12.476,-1.49,-0.59,-0.78,-0.28,-0.07,2.04
12.492,-1.32,-0.77,-0.45,-0.4,-0.06,2.06
12.504,-1.15,-0.86,0.04,-0.5,-0.02,2.06
12.516,-1.17,-1.01,0.27,-0.55,0,2.07
12.528,-1.16,-1.08,0.6,-0.53,0.02,2.09
12.539,-1.06,-1.13,0.84,-0.47,0.01,2.1
12.55,-0.87,-1.08,0.98,-0.37,0.01,2.09
12.564,-0.76,-0.98,0.83,-0.28,0.04,2.09
12.576,-0.76,-0.98,0.83,-0.2,0.09,2.08
12.598,-0.67,-0.7,0.32,-0.17,0.21,2.07
12.61,-0.61,-0.5,-0.14,-0.23,0.38,2.08
12.622,-0.6,-0.41,-0.28,-0.27,0.4,2.08
12.633,-0.64,-0.42,-0.24,-0.28,0.41,2.08
12.644,-0.63,-0.38,-0.16,-0.27,0.41,2.08
12.655,-0.58,-0.3,-0.1,-0.21,0.37,2.08
12.666,-0.52,-0.23,-0.03,-0.14,0.32,2.07
12.678,-0.52,-0.23,-0.03,-0.08,0.3,2.05
12.692,-0.36,-0.17,0.01,0.03,0.25,2.03
12.704,-0.35,-0.01,-0.15,0.11,0.18,2.02
12.715,-0.3,0.02,-0.23,0.18,0.08,1.99
12.726,-0.28,0.06,-0.23,0.19,0.04,1.98
12.738,-0.31,0.09,-0.16,0.19,-0.05,1.94
12.749,-0.3,0.17,-0.02,0.16,-0.06,1.91
12.762,-0.21,0.27,0.05,0.13,-0.05,1.89
12.783,0.02,0.5,0.32,0.02,-0.02,1.82
12.794,-0.07,0.52,0.74,-0.12,-0.03,1.7
12.806,-0.19,0.42,0.88,-0.16,-0.02,1.63
12.816,-0.24,0.31,0.95,-0.18,0.02,1.53
12.827,-0.3,0.1,0.91,-0.18,0.05,1.5
12.838,-0.29,0.01,0.84,-0.16,0.11,1.44
12.849,-0.26,-0.09,0.74,-0.13,0.16,1.41
12.86,-0.21,-0.19,0.67,-0.1,0.19,1.38
12.871,-0.07,-0.24,0.38,-0.08,0.19,1.35
12.882,0.09,-0.27,0.11,-0.07,0.16,1.33
12.897,0.21,-0.31,-0.11,-0.07,0.15,1.31
12.908,0.22,-0.41,-0.31,-0.1,0.15,1.29
12.92,0.19,-0.38,-0.3,-0.11,0.13,1.27
12.933,0.33,-0.39,0.02,-0.1,0.15,1.25
12.944,0.42,-0.38,0.07,-0.07,0.2,1.2
12.96,0.49,-0.3,-0.04,0.01,0.29,1.11
12.971,0.59,-0.14,-0.21,0.05,0.33,1.01
12.984,0.74,-0.19,-0.49,0.05,0.32,0.93
12.996,0.8,-0.33,-0.53,0,0.3,0.81
13.007,0.7,-0.52,-0.44,-0.07,0.21,0.72
13.018,0.47,-0.74,-0.17,-0.13,0.12,0.67
13.029,0.38,-0.98,0.31,-0.13,0.1,0.63
13.04,0.51,-1.1,0.76,-0.07,0.15,0.58
13.05,0.54,-1.16,1.21,0.02,0.21,0.55
13.064,0.76,-1.08,1.56,0.14,0.3,0.54
13.076,0.94,-0.95,1.38,0.26,0.41,0.53
13.089,1.15,-0.76,0.82,0.39,0.48,0.49
13.1,1.25,-0.62,0.34,0.39,0.48,0.46
13.111,1.28,-0.57,-0.13,0.34,0.45,0.44
13.124,1.19,-0.58,-0.81,0.26,0.38,0.43
13.136,1.17,-0.53,-1.01,0.09,0.27,0.39
13.146,1.21,-0.44,-1.11,-0.04,0.24,0.38
13.157,1.33,-0.39,-1.11,-0.14,0.26,0.37
13.168,1.41,-0.29,-0.94,-0.25,0.31,0.34
13.178,1.36,-0.22,-0.67,-0.27,0.33,0.34
13.197,1.28,-0.19,-0.38,-0.26,0.32,0.3
13.208,1.08,-0.12,0.26,-0.08,0.16,0.25
13.22,1.06,-0.08,0.46,0.08,0,0.21
13.233,0.96,-0.05,0.62,0.23,-0.18,0.17
13.244,1.03,-0.06,0.57,0.33,-0.28,0.15
13.258,1.1,-0.04,0.51,0.45,-0.35,0.1
13.268,1.11,-0.04,0.38,0.46,-0.31,0.07
13.279,1.09,-0.07,0.17,0.44,-0.28,0.06
13.297,1.08,-0.19,-0.07,0.32,-0.15,0.08
13.308,1.01,-0.13,-0.17,0.1,0.04,0.09
13.319,0.98,-0.06,0.06,0.04,0.07,0.05
13.33,1.03,0,0.18,0.01,0.07,0.01
13.345,0.89,0.18,0.33,-0.01,0.06,-0.03
13.365,0.8,0.22,0.4,-0.03,0.04,-0.1
13.387,0.71,0.21,0.42,-0.08,0,-0.18
13.398,0.67,0.26,0.55,-0.19,0.05,-0.27
13.41,0.72,0.33,0.43,-0.25,0.07,-0.31
13.424,0.77,0.45,0.17,-0.32,0.11,-0.34
13.436,0.8,0.45,0,-0.41,0.17,-0.37
13.448,0.69,0.46,-0.14,-0.48,0.21,-0.37
13.46,0.64,0.48,-0.22,-0.49,0.23,-0.36
13.477,0.64,0.51,-0.3,-0.48,0.28,-0.33
13.491,0.68,0.54,-0.38,-0.39,0.34,-0.26
13.503,0.79,0.69,-0.51,-0.3,0.31,-0.21
13.514,0.9,1.05,-0.91,-0.22,0.24,-0.15
13.525,0.96,1.2,-1.13,-0.17,0.17,-0.12
13.537,0.98,1.25,-1.19,-0.1,0.02,-0.08
13.548,0.94,1.25,-1.22,-0.07,-0.06,-0.05
13.562,0.92,1.19,-1.18,-0.06,-0.12,-0.03
13.579,0.84,1.07,-0.87,-0.04,-0.26,-0.03
13.591,0.85,1.01,-0.58,0.01,-0.35,-0.03
13.603,0.78,1.02,-0.27,0.03,-0.34,-0.04
13.614,0.74,0.99,-0.14,0.06,-0.28,-0.05
13.625,0.74,0.95,-0.01,0.07,-0.24,-0.05
13.637,0.73,0.9,0.03,0.11,-0.12,-0.05
13.649,0.8,0.99,0.14,0.14,-0.06,-0.08
13.66,0.73,0.99,0.19,0.15,-0.04,-0.09
13.684,0.67,0.94,0.1,0.18,-0.01,-0.1
13.705,0.6,0.98,0.23,0.2,-0.06,-0.1
13.716,0.6,0.84,0.53,0.24,-0.07,-0.06
13.726,0.59,0.87,0.55,0.24,-0.1,-0.04
13.737,0.59,0.93,0.61,0.26,-0.16,0.02
13.749,0.66,0.92,0.61,0.26,-0.18,0.06
13.763,0.67,0.94,0.6,0.26,-0.2,0.1
13.784,0.7,0.97,0.5,0.24,-0.19,0.15
13.795,0.65,0.96,0.49,0.18,-0.22,0.27
13.806,0.62,1,0.5,0.17,-0.21,0.33
13.819,0.6,1.03,0.51,0.17,-0.18,0.37
13.83,0.63,1.09,0.5,0.18,-0.13,0.4
13.843,0.58,1,0.49,0.19,-0.05,0.44
13.854,0.4,0.82,0.31,0.2,0.01,0.49
13.864,0.4,0.82,0.31,0.21,0.02,0.51
13.879,0.12,0.64,0.4,0.23,0.01,0.54
13.89,0.02,0.66,0.5,0.32,0.01,0.56
13.903,-0.04,0.74,0.44,0.39,0.04,0.56
13.915,-0.05,0.46,-0.12,0.42,-0.03,0.55
13.926,-0.12,0.32,-0.18,0.41,-0.07,0.54
13.938,-0.32,0.36,-0.04,0.37,-0.17,0.51
13.949,-0.41,0.48,0.04,0.31,-0.18,0.46
13.96,-0.39,0.56,0,0.24,-0.2,0.4
13.975,-0.33,0.52,0.09,0.15,-0.21,0.33
13.986,-0.41,0.34,0.1,0,-0.21,0.22
14.005,-0.45,0.21,0.19,-0.07,-0.23,0.19
14.016,-0.46,-0.07,1.09,-0.26,-0.28,0.06
14.027,-0.49,-0.21,1.68,-0.26,-0.31,0.01
14.037,-0.39,-0.3,2.04,-0.24,-0.31,-0.06
14.048,-0.42,-0.29,2.09,-0.21,-0.28,-0.12
14.062,-0.46,-0.29,1.98,-0.21,-0.2,-0.14
14.074,-0.28,-0.39,0.94,-0.22,0.03,-0.15
14.085,-0.28,-0.36,0.36,-0.27,0.35,-0.09
14.096,-0.3,-0.28,-0.05,-0.28,0.5,-0.03
14.109,-0.36,-0.3,-0.53,-0.26,0.61,0.06
14.126,-0.33,-0.19,-1.21,-0.23,0.59,0.13
14.137,-0.39,-0.12,-1.29,-0.13,0.5,0.18
14.148,-0.47,-0.13,-1.31,-0.03,0.39,0.19
14.161,-0.5,-0.13,-1.34,0.05,0.26,0.2
14.173,-0.53,-0.14,-1.3,0.15,0.04,0.2
14.187,-0.48,-0.16,-1.06,0.23,-0.16,0.2
14.202,-0.48,-0.16,-1.06,0.31,-0.33,0.18
14.213,-0.05,0,-0.37,0.4,-0.47,0.1
14.225,0,-0.09,-0.32,0.37,-0.44,0.05
14.238,-0.04,-0.19,-0.31,0.22,-0.33,-0.01
14.25,-0.06,-0.41,-0.18,0.1,-0.21,-0.04
14.262,-0.01,-0.47,-0.07,0.03,-0.12,-0.06
14.273,0.06,-0.36,-0.21,-0.06,0.04,-0.09
14.284,-0.02,-0.26,-0.51,-0.12,0.18,-0.11
14.296,-0.02,-0.22,-0.74,-0.16,0.28,-0.11
14.31,-0.09,-0.17,-1.01,-0.18,0.32,-0.11
14.323,-0.22,-0.04,-1.34,-0.18,0.27,-0.12
14.334,-0.22,-0.02,-1.42,-0.15,0.18,-0.12
14.345,-0.11,0.07,-1.57,-0.13,0.15,-0.12
14.361,-0.09,0.2,-1.74,-0.09,0.07,-0.1
14.373,-0.03,0.44,-1.83,-0.1,0,-0.1
14.384,0.03,0.47,-1.65,-0.1,-0.06,-0.1
14.395,0.06,0.5,-1.47,-0.1,-0.1,-0.1
14.406,0.04,0.52,-1.18,-0.09,-0.14,-0.11
14.417,-0.01,0.52,-0.91,-0.06,-0.17,-0.11
14.428,0.06,0.54,-0.61,-0.03,-0.19,-0.13
14.44,0.11,0.55,-0.39,0.03,-0.21,-0.14
14.453,0.1,0.52,-0.04,0.08,-0.2,-0.16
14.464,0.1,0.58,0.4,0.13,-0.2,-0.18
14.48,0.08,0.59,0.6,0.19,-0.22,-0.2
14.494,0.01,0.58,1.13,0.24,-0.27,-0.23
14.505,0.01,0.58,1.13,0.28,-0.3,-0.25
14.516,0.07,0.52,1.54,0.35,-0.3,-0.28
14.527,0.12,0.45,1.65,0.37,-0.29,-0.3
14.538,0.16,0.42,1.68,0.37,-0.24,-0.3
14.55,0.24,0.56,1.51,0.31,-0.13,-0.31
14.564,0.24,0.71,1.1,0.24,-0.09,-0.29
14.581,0.42,0.27,0.54,-0.01,-0.1,-0.26
14.593,0.33,-0.2,0.69,-0.21,-0.05,-0.25
14.604,0.22,-0.21,0.77,-0.28,0.01,-0.27
14.616,0.23,-0.19,0.76,-0.4,0.1,-0.33
14.627,0.23,-0.05,0.65,-0.44,0.13,-0.38
14.638,0.22,-0.09,0.55,-0.44,0.09,-0.45
14.65,0.29,-0.11,0.53,-0.42,0.01,-0.52
14.665,0.22,-0.27,0.56,-0.4,-0.04,-0.55
14.681,0.25,-0.51,0.8,-0.36,-0.09,-0.57
14.696,0.28,-0.46,1.25,-0.26,-0.03,-0.56
14.707,0.36,-0.38,1.16,-0.09,0.09,-0.52
14.718,0.53,-0.22,0.92,0.02,0.2,-0.48
14.729,0.64,-0.02,0.4,0.07,0.26,-0.42
14.741,0.66,0.03,-0.09,0.08,0.26,-0.35
14.752,0.69,-0.06,-0.75,0.08,0.22,-0.31
14.765,0.69,-0.06,-0.75,0.06,0.17,-0.28
14.8,0.6,-0.06,-0.85,0.02,0.08,-0.23
14.811,0.67,-0.13,-0.43,0.04,-0.12,-0.27
14.824,0.5,-0.43,0.11,0.06,-0.15,-0.3
14.835,0.36,-0.59,0.39,0.09,-0.12,-0.34
14.846,0.29,-0.65,0.59,0.1,-0.09,-0.35
14.859,0.33,-0.66,0.65,0.12,0.08,-0.36
14.871,0.36,-0.57,0.57,0.11,0.19,-0.37
14.882,0.31,-0.52,0.35,0.1,0.25,-0.38
14.893,0.29,-0.37,-0.36,0.01,0.41,-0.37
14.906,0.28,-0.29,-0.74,-0.03,0.44,-0.35
14.918,0.23,-0.24,-0.95,-0.13,0.44,-0.31
14.928,0.2,-0.18,-1.05,-0.15,0.42,-0.28
14.94,0.25,-0.07,-1.08,-0.15,0.41,-0.23
14.953,0.31,0.05,-1.18,-0.11,0.38,-0.17
14.965,0.4,0.25,-1.25,-0.06,0.36,-0.14
14.978,0.5,0.24,-1.33,0.02,0.3,-0.05
14.99,0.55,0.31,-1.36,0.11,0.2,0.04
15.008,0.6,0.38,-1.34,0.13,0.17,0.08
15.018,0.73,0.71,-1.09,0.21,0.07,0.19
15.029,0.74,0.69,-1.09,0.25,0.03,0.23
15.044,0.59,0.76,-0.68,0.28,0.02,0.28
15.055,0.5,0.67,-0.55,0.31,0,0.33
15.066,0.46,0.56,-0.46,0.31,0,0.35
15.086,0.4,0.46,-0.29,0.31,-0.05,0.36
15.098,0.23,0.33,0.13,0.28,-0.19,0.36
15.109,0.14,0.27,0.46,0.28,-0.3,0.34
15.12,0.17,0.2,0.78,0.28,-0.42,0.31
15.13,0.19,-0.01,1.23,0.27,-0.47,0.3
15.144,0.32,-0.13,1.84,0.25,-0.44,0.29
15.155,0.29,0.07,1.77,0.15,-0.24,0.3
15.166,0.36,0.25,1.55,0.06,-0.14,0.33
15.183,0.41,0.05,1.57,-0.01,-0.11,0.38
15.194,0.26,-0.47,2.29,0,-0.03,0.46
15.206,0.26,-0.47,2.29,0.01,-0.02,0.46
15.218,0.04,0.14,1.38,0.02,0.19,0.51
15.229,-0.03,0.27,0.54,-0.04,0.18,0.55
15.241,-0.12,0.12,0.19,-0.14,0.11,0.57
15.253,-0.37,-0.28,0.32,-0.21,0.1,0.59
15.264,-0.27,-0.27,0.31,-0.25,0.11,0.6
15.279,-0.19,-0.21,0.32,-0.28,0.05,0.59
15.294,-0.12,-0.36,0.75,-0.23,-0.11,0.56
15.314,-0.12,-0.36,0.75,-0.19,-0.19,0.53
15.327,-0.03,-0.79,0.99,0.11,-0.41,0.39
15.338,0.01,-0.76,0.49,0.13,-0.24,0.38
15.348,0.04,-0.7,-0.1,0.1,-0.06,0.38
15.366,-0.01,-0.75,-0.66,0.04,0.09,0.4
15.385,-0.02,-0.83,-1.51,-0.14,0.32,0.41
15.396,-0.14,-0.66,-1.58,-0.15,0.28,0.37
15.408,-0.26,-0.51,-1.46,-0.1,0.21,0.32
15.419,-0.24,-0.46,-1.43,-0.01,0.09,0.28
15.431,-0.22,-0.42,-1.41,0.08,-0.04,0.24
15.444,-0.03,-0.3,-1.07,0.18,-0.19,0.2
15.455,0.17,-0.22,-0.85,0.33,-0.4,0.13
15.466,0.34,-0.14,-0.49,0.41,-0.52,0.07
15.476,0.37,-0.05,-0.11,0.45,-0.62,-0.01
15.487,0.35,-0.07,0.32,0.46,-0.65,-0.08
15.508,0.41,-0.12,0.6,0.43,-0.56,-0.2
15.518,0.37,-0.43,0.56,0.2,-0.19,-0.38
15.53,0.22,-0.59,0.23,0,0.06,-0.43
15.545,0.04,-0.6,-0.52,-0.18,0.24,-0.45
15.557,0,-0.54,-0.65,-0.44,0.48,-0.49
15.568,-0.09,-0.44,-0.68,-0.49,0.54,-0.5
15.583,-0.14,-0.35,-0.64,-0.48,0.57,-0.51
15.609,-0.1,0.15,-0.93,-0.39,0.54,-0.51
15.623,-0.14,0.35,-1.23,-0.17,0.31,-0.49
15.634,-0.22,0.34,-1.18,-0.03,0.1,-0.46
15.646,-0.25,0.27,-1.09,0.11,-0.09,-0.42
15.659,-0.3,0.23,-0.98,0.21,-0.22,-0.38
15.67,-0.33,0.14,-0.84,0.25,-0.28,-0.35
15.682,-0.35,0.03,-0.65,0.25,-0.3,-0.32
15.693,-0.34,-0.11,-0.29,0.26,-0.29,-0.29
15.704,-0.34,-0.11,-0.29,0.26,-0.23,-0.28
15.716,-0.32,-0.39,0.15,0.24,-0.18,-0.27
15.726,-0.32,-0.36,0.14,0.23,-0.16,-0.26
15.738,-0.31,-0.27,0.22,0.21,-0.16,-0.25
15.75,-0.25,-0.16,0.39,0.2,-0.15,-0.27
15.765,-0.17,-0.08,0.77,0.2,-0.15,-0.28
15.783,-0.15,-0.1,0.97,0.22,-0.15,-0.3
15.794,-0.19,-0.23,1.25,0.27,-0.18,-0.31
15.805,-0.2,-0.34,1.36,0.32,-0.23,-0.3
15.816,-0.3,-0.35,1.44,0.35,-0.23,-0.3
15.828,-0.36,-0.13,1.27,0.33,-0.16,-0.28
15.839,-0.15,-0.09,0.95,0.22,-0.16,-0.26
15.85,0.23,-0.32,0.72,0.09,-0.2,-0.28
15.867,0.3,-0.58,0.87,-0.07,-0.22,-0.32
15.879,-0.25,-0.83,1.52,-0.24,-0.09,-0.33
15.89,-0.31,-0.71,1.62,-0.26,-0.06,-0.33
15.901,-0.31,-0.68,1.61,-0.33,0.19,-0.35
15.915,0.1,-0.58,1.38,-0.32,0.24,-0.36
15.925,0.03,-0.55,1.38,-0.24,0.23,-0.36
15.937,-0.04,-0.48,1.37,-0.08,0.28,-0.32
15.948,-0.05,-0.38,1.05,0.02,0.32,-0.27
15.959,0.08,-0.33,0.55,0.12,0.33,-0.21
15.97,0.21,-0.3,0.15,0.18,0.25,-0.19
15.983,0.31,-0.25,-0.11,0.22,0.16,-0.19
15.997,0.35,-0.21,0.09,0.29,-0.06,-0.24
16.008,0.27,-0.28,0.32,0.37,-0.2,-0.31
16.019,0.26,-0.32,0.33,0.39,-0.2,-0.33
16.029,0.22,-0.46,0.43,0.37,-0.17,-0.33
16.04,0.29,-0.58,0.18,0.31,-0.14,-0.35
16.052,0.29,-0.87,-0.07,0.22,-0.12,-0.37
16.066,0.32,-1.03,-0.13,0.14,-0.11,-0.39
16.076,0.35,-1.07,-0.03,0,-0.1,-0.41
16.088,0.37,-1.14,0.09,-0.08,-0.1,-0.42
16.1,0.38,-1.18,0.22,-0.11,-0.07,-0.43
16.112,0.41,-1.15,0.42,-0.12,-0.04,-0.43
16.123,0.32,-1.15,0.41,-0.11,0.01,-0.44
16.134,0.27,-1.13,0.34,-0.08,0.07,-0.42
16.146,0.33,-1.18,0.17,-0.03,0.14,-0.39
16.157,0.43,-1.16,-0.07,0,0.15,-0.39
16.168,0.39,-1.17,-0.27,0.01,0.14,-0.39
16.179,0.32,-1.24,-0.38,0.03,0.1,-0.36
16.189,0.32,-1.24,-0.38,0.03,0.09,-0.35
16.2,0.31,-1.36,-0.43,0.07,0.06,-0.29
16.21,0.35,-1.34,-0.45,0.08,0.05,-0.25
16.227,0.63,-1.26,-0.59,0.09,0.03,-0.22
16.24,0.59,-1.24,-0.59,0.11,0.03,-0.14
16.251,0.56,-1.24,-0.58,0.13,0.06,-0.09
16.266,0.54,-1.18,-0.5,0.16,0.09,-0.04
16.278,0.55,-1.19,-0.5,0.24,0.15,0.04
16.288,0.51,-1.17,-0.49,0.28,0.16,0.08
16.31,0.53,-1.09,-0.64,0.32,0.15,0.11
16.32,0.37,-1.17,-0.62,0.39,0.05,0.21
16.334,0.35,-1.17,-0.56,0.42,0.02,0.24
16.344,0.4,-1.17,-0.48,0.43,-0.01,0.28
16.356,0.45,-1.2,-0.48,0.41,-0.02,0.32
16.367,0.44,-1.1,-0.5,0.37,-0.02,0.35
16.378,0.39,-1.07,-0.57,0.3,-0.04,0.38
16.389,0.37,-1.12,-0.6,0.23,-0.08,0.4
16.405,0.31,-1.16,-0.53,0.16,-0.11,0.41
16.416,0.17,-1.17,-0.19,-0.03,-0.14,0.42
16.427,0.14,-1.17,-0.19,-0.15,-0.14,0.4
16.438,0.17,-1.02,0.33,-0.24,-0.15,0.37
16.448,0.11,-1.01,0.66,-0.32,-0.17,0.34
16.46,0.03,-1.04,0.92,-0.37,-0.2,0.3
16.472,-0.05,-1.04,1.6,-0.38,-0.21,0.28
16.486,0.01,-0.91,1.6,-0.36,-0.15,0.27
16.497,0.15,-0.72,1.38,-0.32,0.06,0.25
16.513,0.15,-0.72,1.38,-0.32,0.1,0.25
16.524,0.21,-0.5,-0.24,-0.25,0.38,0.34
16.536,0.22,-0.47,-0.83,-0.25,0.37,0.36
16.549,0.06,-0.43,-1.46,-0.27,0.31,0.38
16.559,-0.03,-0.35,-1.69,-0.33,0.21,0.41
16.57,-0.12,-0.36,-1.83,-0.37,0.11,0.42
16.587,-0.13,-0.38,-1.77,-0.39,-0.01,0.42
16.599,-0.2,-0.3,-1.55,-0.38,-0.19,0.4
16.609,-0.18,-0.2,-1.1,-0.37,-0.29,0.36
16.623,-0.05,-0.19,-0.49,-0.36,-0.38,0.3
16.634,-0.02,-0.18,-0.13,-0.36,-0.44,0.22
16.646,0.08,-0.24,0.27,-0.34,-0.45,0.14
16.659,0.11,-0.28,0.67,-0.32,-0.38,0.02
16.669,0.14,-0.41,0.88,-0.31,-0.31,-0.05
16.687,0.11,-0.55,1,-0.32,-0.21,-0.13
16.708,0.02,-0.78,1.29,-0.33,-0.11,-0.19
16.718,0.17,-0.87,1.12,-0.33,0.03,-0.24
16.728,0.24,-0.79,0.83,-0.36,0.16,-0.27
16.739,0.29,-0.69,0.59,-0.4,0.23,-0.3
16.752,0.46,-0.5,-0.04,-0.44,0.27,-0.31
16.764,0.5,-0.43,-0.37,-0.48,0.29,-0.32
16.775,0.64,-0.42,-0.61,-0.52,0.24,-0.35
16.785,0.64,-0.42,-0.61,-0.53,0.23,-0.36
16.797,0.83,-0.29,-0.82,-0.54,0.11,-0.42
16.808,0.93,-0.27,-0.77,-0.54,0.08,-0.44
16.818,1.04,-0.25,-0.64,-0.51,-0.03,-0.53
16.83,1.13,-0.22,-0.42,-0.46,-0.08,-0.61
16.84,1.21,-0.22,-0.24,-0.41,-0.1,-0.67
16.85,1.31,-0.28,-0.05,-0.36,-0.13,-0.75
16.866,1.34,-0.29,0.22,-0.31,-0.15,-0.82
16.877,1.4,-0.28,0.25,-0.26,-0.16,-0.95
16.887,1.43,-0.29,0.25,-0.25,-0.15,-1
16.907,1.52,-0.26,0.26,-0.26,-0.13,-1.07
16.919,1.57,-0.24,0.28,-0.3,-0.11,-1.16
16.93,1.61,-0.23,0.37,-0.33,-0.11,-1.2
16.94,1.71,-0.16,0.39,-0.35,-0.13,-1.26
16.953,1.75,-0.15,0.32,-0.37,-0.14,-1.29
16.97,1.78,-0.2,0.3,-0.41,-0.14,-1.32
16.98,1.73,-0.19,0.3,-0.48,-0.11,-1.34
16.992,1.72,-0.22,0.3,-0.48,-0.11,-1.34
17.004,1.72,-0.19,0.32,-0.54,-0.06,-1.34
17.015,1.74,-0.13,0.38,-0.55,-0.04,-1.35
17.027,1.69,-0.11,0.46,-0.52,-0.02,-1.36
17.038,1.66,-0.07,0.51,-0.48,0,-1.39
17.049,1.64,-0.01,0.54,-0.41,0.01,-1.42
17.059,1.6,0.04,0.55,-0.36,0.01,-1.45
17.072,1.41,-0.03,0.51,-0.3,-0.01,-1.48
17.086,1.41,-0.03,0.51,-0.24,-0.04,-1.51
17.097,1.3,-0.1,0.51,-0.14,-0.08,-1.56
17.115,1.3,-0.1,0.51,-0.12,-0.09,-1.57
17.125,1.08,-0.26,0.31,-0.06,-0.15,-1.63
17.135,1.04,-0.28,0.23,-0.05,-0.16,-1.64
17.147,1.02,-0.2,0.07,-0.06,-0.14,-1.64
17.158,0.97,-0.11,0,-0.1,-0.09,-1.63
17.169,0.85,-0.03,-0.07,-0.11,-0.07,-1.62
17.19,0.72,0.1,-0.1,-0.15,0,-1.61
17.201,0.65,0.1,-0.08,-0.16,0.05,-1.59
17.212,0.58,-0.06,0.06,-0.14,0.04,-1.57
17.223,0.55,-0.12,0.11,-0.1,0.01,-1.56
17.233,0.58,-0.16,0.14,-0.03,-0.04,-1.54
17.245,0.55,-0.14,0.11,0,-0.07,-1.52
17.256,0.49,-0.14,0.16,0.07,-0.08,-1.5
17.269,0.46,-0.1,0.12,0.1,-0.06,-1.47
17.28,0.46,-0.15,0.07,0.11,-0.06,-1.43
17.292,0.48,-0.28,-0.02,0.11,-0.05,-1.41
17.308,0.48,-0.28,-0.02,0.1,-0.05,-1.39
17.319,0.32,-0.52,-0.18,0.03,-0.07,-1.34
17.329,0.24,-0.57,-0.13,0.02,-0.08,-1.32
17.344,0.19,-0.61,-0.12,0.02,-0.08,-1.3
17.355,0.09,-0.64,-0.08,0.04,-0.07,-1.28
17.366,0.05,-0.69,-0.06,0.05,-0.07,-1.28
17.377,0,-0.71,-0.07,0.09,-0.04,-1.25
17.388,0,-0.72,-0.07,0.1,-0.04,-1.24
17.402,-0.04,-0.66,-0.31,0.1,-0.09,-1.23
17.413,-0.05,-0.85,-0.32,0.1,-0.18,-1.24
17.425,-0.05,-0.85,-0.32,0.1,-0.24,-1.23
17.436,-0.06,-0.97,0.09,0.14,-0.35,-1.23
17.449,0.03,-0.98,0.3,0.17,-0.41,-1.24
17.463,-0.03,-0.97,0.55,0.21,-0.39,-1.23
17.475,-0.21,-1.01,0.79,0.25,-0.31,-1.21
17.486,-0.25,-0.99,0.69,0.26,-0.24,-1.17
17.504,-0.21,-0.95,0.49,0.23,-0.16,-1.16
17.524,-0.25,-0.93,0.07,0.12,-0.1,-1.15
17.537,-0.43,-0.97,0.17,0,-0.13,-1.17
17.549,-0.45,-0.98,0.42,-0.04,-0.12,-1.19
17.559,-0.5,-0.97,0.62,-0.05,-0.1,-1.22
17.573,-0.65,-0.95,0.77,-0.04,-0.07,-1.22
17.584,-0.66,-0.95,0.68,-0.03,-0.04,-1.22
17.596,-0.65,-0.88,0.58,0,0.02,-1.2
17.606,-0.65,-0.88,0.58,0.02,0.04,-1.2
17.626,-0.62,-0.77,0.13,0.04,0.11,-1.17
17.637,-0.69,-0.74,-0.33,0.03,0.12,-1.12
17.649,-0.76,-0.77,-0.39,0.02,0.08,-1.09
17.664,-0.79,-0.8,-0.28,0.03,0.06,-1.06
17.675,-0.82,-0.7,-0.15,0.05,0.06,-1.04
17.686,-0.83,-0.63,-0.02,0.06,0.05,-1.04
17.697,-0.85,-0.58,0.07,0.11,0.05,-1.04
17.707,-0.82,-0.5,0.08,0.13,0.04,-1.04
17.718,-0.85,-0.44,0.09,0.17,0.01,-1.05
17.729,-0.95,-0.43,0.13,0.19,-0.01,-1.05
17.74,-0.95,-0.39,0.19,0.2,-0.03,-1.05
17.752,-0.88,-0.37,0.27,0.2,-0.06,-1.06
17.763,-0.96,-0.38,0.55,0.19,-0.09,-1.07
17.775,-1.02,-0.41,0.6,0.14,-0.14,-1.07
17.786,-0.98,-0.46,0.62,0.12,-0.14,-1.07
17.8,-0.93,-0.52,0.49,-0.03,-0.04,-1.04
17.811,-0.91,-0.48,0.29,-0.06,-0.02,-1.03
17.823,-0.88,-0.34,-0.09,-0.25,0.18,-0.96
17.834,-0.93,-0.32,-0.34,-0.35,0.32,-0.9
17.844,-0.93,-0.32,-0.34,-0.38,0.38,-0.85
17.856,-0.88,-0.23,-0.77,-0.4,0.42,-0.78
17.867,-0.87,-0.1,-0.95,-0.39,0.42,-0.74
17.878,-0.87,-0.02,-0.97,-0.32,0.34,-0.71
17.888,-0.73,0.05,-0.9,-0.32,0.33,-0.71
17.914,-0.61,0.13,-0.84,-0.13,0.09,-0.73
17.925,-0.7,0.19,-0.63,0.09,-0.24,-0.81
17.937,-0.71,0.19,-0.42,0.17,-0.28,-0.81
17.951,-0.71,0.27,-0.36,0.21,-0.28,-0.81
17.964,-0.78,0.3,-0.3,0.23,-0.27,-0.8
17.975,-0.79,0.24,-0.3,0.22,-0.27,-0.79
17.986,-0.83,0.16,-0.33,0.19,-0.27,-0.78
17.997,-0.81,0.16,-0.33,0.08,-0.25,-0.75
18.007,-0.8,0.18,-0.17,0.01,-0.23,-0.73
18.024,-0.81,0.15,0.18,-0.03,-0.22,-0.72
18.035,-0.74,0.12,0.92,-0.01,-0.18,-0.74
18.046,-0.73,0.03,1.14,0.06,-0.13,-0.77
18.057,-0.79,-0.08,1.11,0.14,-0.04,-0.78
18.067,-0.86,-0.18,0.85,0.16,0.03,-0.78
18.077,-0.93,-0.26,0.48,0.18,0.14,-0.74
18.089,-0.89,-0.29,0.02,0.16,0.21,-0.7
18.104,-0.78,-0.29,-0.28,0.14,0.22,-0.67
18.126,-0.55,-0.27,-0.69,0.11,0.16,-0.63
18.137,-0.46,-0.17,-0.57,0.12,0.05,-0.6
18.149,-0.43,-0.09,-0.42,0.12,0.03,-0.6
18.163,-0.31,0.03,-0.47,0.1,0.07,-0.61
18.175,-0.41,-0.04,-0.43,0.03,0.03,-0.65
18.187,-0.51,-0.21,-0.21,0.02,0.02,-0.66
18.198,-0.55,-0.45,0.01,0,-0.03,-0.7
18.209,-0.52,-0.74,0.44,0.02,-0.03,-0.7
18.219,-0.47,-0.87,0.69,0.09,-0.09,-0.71
18.232,-0.38,-0.93,1.12,0.17,-0.15,-0.7
18.243,-0.21,-0.8,1.07,0.24,-0.15,-0.68
18.253,-0.04,-0.6,0.73,0.31,-0.13,-0.65
18.266,0.08,-0.35,0.24,0.32,-0.11,-0.64
18.276,0.09,-0.25,-0.14,0.28,-0.02,-0.59
18.287,0.11,-0.14,-0.54,0.21,0.07,-0.56
18.298,0.14,-0.11,-0.84,0.1,0.12,-0.52
18.308,-0.03,-0.11,-0.99,0.04,0.12,-0.5
18.328,-0.24,-0.11,-1.02,-0.04,0.11,-0.44
18.338,-0.48,-0.13,-1.02,-0.08,0.05,-0.39
18.35,-0.6,0,-0.86,-0.07,-0.08,-0.31
18.363,-0.47,0.17,-0.51,-0.04,-0.19,-0.28
18.373,-0.32,0.22,-0.34,-0.01,-0.28,-0.27
18.388,-0.14,0.28,-0.07,0.02,-0.38,-0.27
18.4,0.02,0.25,0.27,0.11,-0.52,-0.32
18.412,0.15,0.06,0.94,0.17,-0.5,-0.34
18.423,0.24,-0.04,1,0.2,-0.41,-0.35
18.434,0.2,-0.13,0.89,0.18,-0.25,-0.34
18.445,0.21,-0.21,0.74,0.13,-0.1,-0.31
18.456,0.31,-0.15,0.61,0.03,0.13,-0.28
18.466,0.37,-0.1,0.4,-0.04,0.27,-0.26
18.477,0.35,-0.04,0.27,-0.12,0.43,-0.23
18.493,0.38,-0.05,0.06,-0.17,0.56,-0.2
18.514,0.25,-0.05,-0.35,-0.21,0.61,-0.16
18.524,0.24,0.05,-0.42,-0.18,0.67,-0.08
18.537,0.28,0.12,-0.51,-0.13,0.65,-0.07
18.547,0.2,0.13,-0.64,-0.07,0.55,-0.05
18.558,0.17,0.16,-0.65,-0.01,0.43,-0.05
18.569,0.14,0.28,-0.58,0.08,0.21,-0.07
18.579,0.16,0.4,-0.47,0.14,0.06,-0.09
18.59,0.19,0.42,-0.43,0.18,-0.1,-0.11
18.606,0.17,0.39,-0.3,0.2,-0.24,-0.12
18.618,0.23,0.36,-0.17,0.2,-0.34,-0.12
18.628,0.23,0.36,-0.17,0.2,-0.35,-0.12
18.638,0.28,0.35,0.08,0.13,-0.3,-0.13
18.649,0.32,0.38,0.16,0.06,-0.17,-0.13
18.663,0.41,0.55,0.18,0,-0.07,-0.12
18.676,0.37,0.68,0.18,-0.1,0.07,-0.11
18.694,0.36,0.74,0.04,-0.12,0.11,-0.1
18.712,0.28,0.84,-0.07,-0.28,0.26,-0.07
18.723,0.12,1.07,-0.4,-0.37,0.26,-0.05
18.733,0.1,1.16,-0.31,-0.41,0.18,-0.04
18.744,0.13,1.27,-0.1,-0.42,0.14,-0.04
18.754,0.15,1.31,0.08,-0.4,0.07,-0.08
18.765,0.11,1.39,0.33,-0.34,0.02,-0.14
18.777,0.1,1.44,0.5,-0.27,-0.01,-0.2
18.789,0.04,1.4,0.53,-0.23,-0.01,-0.24
18.8,-0.03,1.39,0.48,-0.18,0.06,-0.25
18.812,0.05,1.43,0.24,-0.18,0.06,-0.25
18.823,0.1,1.53,-0.07,-0.16,0.18,-0.23
18.835,0.1,1.52,-0.15,-0.13,0.22,-0.19
18.847,0.11,1.51,-0.29,-0.08,0.22,-0.15
18.86,0.08,1.48,-0.47,-0.04,0.19,-0.09
18.87,0.05,1.47,-0.72,-0.03,0.17,-0.03
18.883,0.07,1.56,-0.88,-0.03,0.17,0.03
18.893,0.03,1.6,-0.85,-0.02,0.16,0.11
18.906,-0.01,1.62,-0.72,0,0.15,0.15
18.916,0.01,1.66,-0.54,0.06,0.09,0.22
18.928,-0.02,1.67,-0.36,0.08,0.07,0.24
18.941,-0.05,1.68,-0.25,0.2,-0.02,0.28
18.953,0,1.69,-0.15,0.24,-0.05,0.3
18.963,0,1.63,-0.17,0.26,-0.07,0.31
18.975,0,1.46,-0.09,0.25,-0.12,0.34
18.99,0.01,1.3,0.04,0.25,-0.17,0.35
19,0.01,1.15,0.22,0.26,-0.28,0.38
19.011,0.02,1,0.55,0.27,-0.29,0.38
19.021,0.1,0.88,0.8,0.3,-0.36,0.4
19.032,0.25,0.7,1.07,0.31,-0.36,0.42
19.044,0.28,0.73,1.16,0.31,-0.33,0.44
19.055,0.27,0.78,1.19,0.29,-0.22,0.45
19.065,0.25,0.88,0.96,0.2,0,0.5
19.076,0.38,0.81,0.54,0.1,0.04,0.54
19.094,0.37,0.8,0.55,0.02,0.01,0.58
19.115,0.32,0.47,1.08,0.03,-0.03,0.63
19.126,0.05,0.57,1.05,0.14,-0.1,0.68
19.137,0.03,0.6,0.73,0.12,-0.13,0.71
19.148,0.02,0.57,0.42,0.07,-0.12,0.75
19.158,0.04,0.49,0.26,0.01,-0.09,0.76
19.172,0.09,0.43,0.14,-0.08,-0.02,0.79
19.193,0.18,0.34,0.06,-0.15,0.05,0.79
19.211,0.17,0.3,0.02,-0.26,0.13,0.76
19.221,-0.03,0.28,-0.01,-0.27,0.01,0.68
19.232,-0.12,0.28,0.44,-0.24,-0.15,0.58
19.243,-0.26,0.07,0.84,-0.19,-0.23,0.5
19.254,-0.37,-0.15,1.03,-0.13,-0.27,0.42
19.265,-0.4,-0.37,1.07,-0.07,-0.27,0.35
19.276,-0.46,-0.5,1.02,0.01,-0.25,0.26
19.286,-0.38,-0.44,0.82,0.04,-0.2,0.24
19.297,-0.27,-0.43,0.48,0.07,0,0.18
19.309,-0.14,-0.43,0.06,0.07,0.04,0.18
19.332,-0.05,-0.5,-0.17,0.05,0.27,0.18
19.344,-0.08,-0.46,-0.6,0.08,0.44,0.2
19.355,-0.13,-0.41,-0.67,0.14,0.41,0.19
19.368,-0.22,-0.41,-0.75,0.26,0.22,0.16
19.379,-0.24,-0.46,-0.77,0.32,0.07,0.15
19.393,-0.26,-0.51,-0.75,0.35,-0.08,0.13
19.405,-0.18,-0.44,-0.53,0.35,-0.21,0.12
19.417,-0.09,-0.36,-0.25,0.34,-0.34,0.08
19.428,0.06,-0.29,0.12,0.31,-0.32,0.05
19.441,0.2,-0.25,0.32,0.28,-0.25,0.01
19.453,0.26,-0.42,0.29,0.21,-0.09,-0.01
19.464,0.33,-0.47,-0.03,0.15,0.08,0
19.474,0.38,-0.41,-0.37,0.03,0.32,0.02
19.484,0.32,-0.34,-0.77,-0.03,0.4,0.03
19.495,0.27,-0.27,-1.02,-0.08,0.43,0.04
19.506,0.24,-0.27,-1.31,-0.09,0.44,0.05
19.517,0.19,-0.23,-1.52,-0.11,0.39,0.08
19.528,0.16,-0.12,-1.8,-0.12,0.38,0.08
19.539,0.07,-0.03,-1.93,-0.16,0.24,0.12
19.551,0.02,0.09,-1.87,-0.14,0.15,0.14
19.563,0.01,0.3,-1.44,-0.09,0.07,0.14
19.573,0.01,0.3,-1.44,0.01,-0.05,0.13
19.584,-0.02,0.49,-0.9,0.11,-0.13,0.11
19.595,-0.03,0.51,-0.78,0.2,-0.2,0.08
19.605,-0.01,0.4,-0.7,0.23,-0.22,0.06
19.617,-0.01,0.31,-0.63,0.27,-0.27,0.02
19.629,-0.08,0.22,-0.42,0.28,-0.32,-0.01
19.645,-0.11,0.09,0.09,0.3,-0.33,-0.05
19.655,-0.11,0.04,0.16,0.3,-0.32,-0.1
19.666,-0.08,0.03,0.2,0.29,-0.31,-0.12
19.679,-0.03,0.06,0.29,0.24,-0.28,-0.18
19.689,-0.02,0.04,0.48,0.2,-0.25,-0.22
19.699,-0.05,0.03,0.64,0.18,-0.25,-0.25
19.71,-0.07,0.05,0.87,0.18,-0.25,-0.25
19.733,-0.21,0.18,1.15,0.15,-0.18,-0.32
19.744,-0.01,0.15,0.62,0.04,-0.18,-0.39
19.754,0.06,-0.24,0.82,-0.08,-0.24,-0.41
19.765,0.25,-0.46,1.3,-0.18,-0.26,-0.45
19.777,0.13,-0.52,1.68,-0.24,-0.2,-0.49
19.792,-0.19,-0.48,1.76,-0.27,-0.13,-0.49
19.804,0.05,-0.47,1.49,-0.32,-0.03,-0.47
19.815,0.22,-0.51,1.24,-0.34,0.09,-0.46
19.826,0.3,-0.36,0.84,-0.35,0.14,-0.45
19.838,0.3,-0.23,0.51,-0.34,0.19,-0.44
19.849,0.4,-0.12,0.11,-0.33,0.18,-0.44
19.859,0.41,-0.21,-0.14,-0.31,0.12,-0.43
19.873,-0.03,-0.54,-0.22,-0.28,0.08,-0.42
19.884,-0.01,-0.51,-0.22,-0.23,0.06,-0.39
19.895,-0.17,-0.56,-0.21,-0.12,0.06,-0.35
19.915,-0.18,-0.5,-0.34,-0.04,0.04,-0.31
19.925,-0.01,-0.47,-0.6,0.09,-0.06,-0.23
19.938,0.02,-0.46,-0.6,0.14,-0.15,-0.18
19.949,0.05,-0.47,-0.55,0.13,-0.15,-0.15
19.963,0.18,-0.41,-0.58,0.1,-0.12,-0.15
19.974,0.25,-0.48,-0.65,0.04,-0.1,-0.15
19.984,0.29,-0.64,-0.63,-0.03,-0.15,-0.17
19.995,0.29,-0.64,-0.63,-0.06,-0.19,-0.18
20.018,0.13,-1.11,0.4,-0.11,-0.33,-0.25
20.03,-0.01,-1.24,1.42,-0.02,-0.22,-0.32
20.043,0.05,-1.08,1.71,0.05,-0.12,-0.32
20.053,0.22,-1.04,1.56,0.11,0.05,-0.33
20.066,0.17,-0.95,1.07,0.15,0.18,-0.34
20.076,0.18,-0.92,0.72,0.16,0.29,-0.34
20.092,0.25,-0.86,0.28,0.14,0.34,-0.32
20.105,0.39,-0.68,-0.42,0.09,0.36,-0.3
20.117,0.36,-0.61,-0.6,0.02,0.35,-0.26
20.129,0.36,-0.59,-0.81,-0.02,0.35,-0.22
20.14,0.38,-0.56,-0.96,-0.05,0.33,-0.18
20.152,0.38,-0.49,-1.01,-0.06,0.28,-0.15
20.163,0.38,-0.49,-1.01,-0.06,0.25,-0.11
20.175,0.51,-0.46,-0.86,-0.03,0.24,-0.07
20.186,0.48,-0.38,-0.84,0.01,0.21,-0.04
20.196,0.46,-0.29,-0.85,0.04,0.17,-0.01
20.218,0.52,-0.2,-0.81,0.09,0.13,0.02
20.228,0.44,-0.11,-0.71,0.14,0.05,0.09
20.239,0.44,-0.06,-0.59,0.16,0.02,0.12
20.252,0.43,-0.02,-0.39,0.15,0.01,0.14
20.264,0.36,-0.02,-0.34,0.14,0.01,0.17
20.275,0.34,-0.02,-0.23,0.11,-0.01,0.19
20.286,0.28,-0.06,-0.08,0.08,0,0.21
20.297,0.22,-0.12,0.05,0.06,0.02,0.23
20.315,0.18,-0.11,0.2,0.06,0.03,0.26
20.327,0.26,0.02,0.3,0.08,0.03,0.28
20.338,0.26,0.05,0.32,0.1,-0.02,0.29
20.349,0.28,0.02,0.4,0.12,-0.07,0.31
20.359,0.31,0.01,0.43,0.13,-0.08,0.32
20.372,0.33,-0.01,0.51,0.13,-0.09,0.32
20.383,0.3,-0.01,0.58,0.12,-0.09,0.33
20.393,0.28,-0.09,0.61,0.1,-0.06,0.35
20.404,0.27,0,0.77,0.1,-0.01,0.37
20.414,0.27,0,0.77,0.1,0.02,0.38
20.425,0.2,0.15,0.41,0.11,0.14,0.43
20.437,0.27,0.03,0.19,0.1,0.1,0.48
20.449,0.15,-0.2,0.32,0.12,0.04,0.51
20.463,0.03,0.01,0.54,0.17,0.03,0.53
20.474,0.01,0.09,0.35,0.23,-0.01,0.53
20.484,-0.02,0,0.25,0.26,-0.09,0.54
20.497,-0.06,-0.11,0.28,0.27,-0.12,0.55
20.521,-0.05,-0.15,0.32,0.28,-0.19,0.55
20.532,0.08,-0.15,0.32,0.2,-0.23,0.54
20.544,0.15,-0.24,0.31,0.13,-0.19,0.54
20.558,0.13,-0.33,0.3,0.01,-0.19,0.54
20.568,0.13,-0.47,0.39,-0.09,-0.23,0.51
20.579,0.06,-0.63,0.53,-0.14,-0.23,0.49
20.593,-0.04,-0.76,0.76,-0.17,-0.22,0.47
20.604,-0.12,-0.89,0.87,-0.18,-0.19,0.45
20.619,-0.12,-0.89,0.87,-0.2,-0.12,0.43
20.629,-0.13,-0.88,0.47,-0.21,0.09,0.39
20.64,-0.18,-0.85,0.25,-0.21,0.2,0.39
20.652,-0.27,-0.84,-0.62,-0.21,0.3,0.39
20.664,-0.28,-0.84,-1.01,-0.19,0.33,0.39
20.675,-0.31,-0.83,-1.2,-0.15,0.3,0.39
20.686,-0.36,-0.82,-1.17,-0.04,0.15,0.39
20.697,-0.37,-0.69,-1.11,0.09,0,0.38
20.711,-0.41,-0.54,-1,0.16,-0.09,0.37
20.721,-0.47,-0.45,-0.9,0.26,-0.24,0.37
20.735,-0.57,-0.42,-0.77,0.26,-0.24,0.37
20.745,-0.64,-0.38,-0.32,0.26,-0.41,0.37
20.757,-0.64,-0.37,-0.15,0.22,-0.42,0.36
20.769,-0.59,-0.41,0.11,0.12,-0.41,0.33
20.779,-0.57,-0.42,0.36,0.04,-0.36,0.3
20.796,-0.51,-0.47,0.64,-0.03,-0.29,0.25
20.821,-0.45,-0.5,0.9,-0.15,-0.13,0.16
20.832,-0.32,-0.48,0.74,-0.25,0,0.04
20.843,-0.34,-0.49,0.6,-0.29,0.04,-0.01
20.853,-0.36,-0.52,0.51,-0.32,0.14,-0.08
20.864,-0.36,-0.52,0.35,-0.33,0.21,-0.13
20.875,-0.41,-0.53,0.26,-0.32,0.26,-0.17
20.885,-0.47,-0.53,0.07,-0.3,0.31,-0.2
20.897,-0.51,-0.52,-0.08,-0.27,0.34,-0.22
20.911,-0.6,-0.55,-0.21,-0.24,0.29,-0.24
20.943,-0.57,-0.56,-0.18,-0.14,0.18,-0.26
20.957,-0.37,-0.42,-0.03,0.16,-0.05,-0.3
20.968,-0.33,-0.46,-0.05,0.23,-0.07,-0.32
20.979,-0.26,-0.46,-0.04,0.25,-0.06,-0.33
20.989,-0.14,-0.48,-0.13,0.25,-0.04,-0.35
21.003,-0.08,-0.47,-0.41,0.22,-0.01,-0.35
21.016,-0.04,-0.54,-0.54,0.17,0.01,-0.34
21.026,0.02,-0.6,-0.64,0.08,0.06,-0.35
21.038,0.02,-0.6,-0.64,0.07,0.06,-0.35
21.049,-0.04,-0.63,-0.64,-0.06,0.04,-0.37
21.059,0,-0.6,-0.55,-0.08,0.03,-0.39
21.072,0.08,-0.55,-0.14,-0.08,0.03,-0.4
21.083,0.09,-0.5,0.01,-0.06,0.03,-0.43
21.093,0.06,-0.48,0.14,-0.03,0.04,-0.47
21.103,0.06,-0.47,0.15,-0.01,0.04,-0.49
21.115,0.05,-0.48,0.12,-0.01,0.05,-0.49
21.136,0.02,-0.51,0.23,-0.01,0.04,-0.48
21.147,0.02,-0.66,0.31,-0.05,0.15,-0.45
21.158,0.04,-0.64,0.26,-0.07,0.22,-0.42
21.169,0.06,-0.63,0.25,-0.1,0.26,-0.4
21.18,0.06,-0.55,-0.04,-0.13,0.28,-0.37
21.196,0.14,-0.57,-0.3,-0.15,0.3,-0.35
21.218,0.08,-0.56,-0.64,-0.21,0.3,-0.3
21.229,0.05,-0.43,-0.96,-0.32,0.21,-0.24
21.243,-0.01,-0.2,-0.69,-0.34,0.15,-0.23
21.253,-0.11,-0.16,-0.47,-0.32,0.08,-0.21
21.264,-0.08,-0.15,-0.18,-0.3,0.06,-0.2
21.274,-0.11,-0.17,-0.03,-0.22,0,-0.18
21.285,-0.18,-0.23,0.07,-0.14,-0.07,-0.15
21.295,-0.18,-0.23,0.07,-0.12,-0.09,-0.15
21.307,-0.21,-0.35,0.23,-0.04,-0.17,-0.09
21.317,-0.21,-0.35,0.23,-0.04,-0.17,-0.09
21.327,-0.26,-0.39,0.43,-0.01,-0.19,-0.05
21.339,-0.27,-0.42,0.42,-0.06,-0.18,-0.02
21.349,-0.27,-0.43,0.42,-0.12,-0.15,-0.01
21.359,-0.28,-0.43,0.42,-0.19,-0.15,0
21.373,-0.12,-0.48,0.1,-0.31,-0.14,-0.02
21.384,0.4,-1.06,-3.73,-0.51,-0.2,-0.02
21.395,-1.19,-0.71,0.13,-0.79,-0.2,0.01
21.405,-0.25,-0.92,0.07,-0.81,-0.02,0.1
21.417,0.13,-0.89,1.17,-0.64,0.06,0.05
21.429,0.1,-0.5,1.9,-0.34,0.17,0.01
21.443,0.26,0.07,1.72,-0.09,0.19,-0.04
21.454,0.05,-0.12,1.14,0.21,0.15,-0.06
21.467,-0.12,-0.45,0.25,0.27,0.09,-0.04
